Name,Account_Number__c,Usage_Date__c,Active_Users__c,Api_Calls__c,Failed_Api_Calls__c,Key_Feature_Events__c
RR-0001-2026-08-05,RR-0001,2026-08-05,178,10324,13,1424
RR-0001-2026-08-06,RR-0001,2026-08-06,132,8844,10,660
RR-0001-2026-08-07,RR-0001,2026-08-07,191,14516,20,1146
RR-0001-2026-08-08,RR-0001,2026-08-08,198,13266,25,1188
RR-0001-2026-08-09,RR-0001,2026-08-09,105,5565,0,840
RR-0001-2026-08-10,RR-0001,2026-08-10,57,2451,0,342
RR-0001-2026-08-11,RR-0001,2026-08-11,109,7957,12,981
RR-0001-2026-08-12,RR-0001,2026-08-12,99,5742,6,990
RR-0001-2026-08-13,RR-0001,2026-08-13,35,1925,3,315
RR-0001-2026-08-14,RR-0001,2026-08-14,126,7056,8,756
RR-0001-2026-08-15,RR-0001,2026-08-15,135,8640,17,405
RR-0001-2026-08-16,RR-0001,2026-08-16,54,1890,0,216
RR-0001-2026-08-17,RR-0001,2026-08-17,157,11461,8,1570
RR-0001-2026-08-18,RR-0001,2026-08-18,132,6864,14,396
RR-0001-2026-08-19,RR-0001,2026-08-19,139,10981,2,556
RR-0001-2026-08-20,RR-0001,2026-08-20,26,1222,2,260
RR-0001-2026-08-21,RR-0001,2026-08-21,99,7722,3,297
RR-0001-2026-08-22,RR-0001,2026-08-22,27,675,3,243
RR-0001-2026-08-23,RR-0001,2026-08-23,24,1632,3,240
RR-0001-2026-08-24,RR-0001,2026-08-24,15,1110,3,75
RR-0001-2026-08-25,RR-0001,2026-08-25,75,5250,9,150
RR-0001-2026-08-26,RR-0001,2026-08-26,192,6336,23,960
RR-0001-2026-08-27,RR-0001,2026-08-27,204,14892,21,1428
RR-0001-2026-08-28,RR-0001,2026-08-28,161,9821,11,322
RR-0001-2026-08-29,RR-0001,2026-08-29,192,6336,22,384
RR-0001-2026-08-30,RR-0001,2026-08-30,10,280,0,50
RR-0001-2026-08-31,RR-0001,2026-08-31,18,558,2,126
RR-0001-2026-09-01,RR-0001,2026-09-01,105,2730,5,1050
RR-0001-2026-09-02,RR-0001,2026-09-02,195,12675,24,1755
RR-0001-2026-09-03,RR-0001,2026-09-03,108,7776,10,216
RR-0002-2026-08-05,RR-0002,2026-08-05,246,17958,4,1968
RR-0002-2026-08-06,RR-0002,2026-08-06,222,5772,26,1110
RR-0002-2026-08-07,RR-0002,2026-08-07,139,5838,6,1112
RR-0002-2026-08-08,RR-0002,2026-08-08,68,4420,2,204
RR-0002-2026-08-09,RR-0002,2026-08-09,170,10880,13,510
RR-0002-2026-08-10,RR-0002,2026-08-10,93,6975,12,930
RR-0002-2026-08-11,RR-0002,2026-08-11,192,10368,9,384
RR-0002-2026-08-12,RR-0002,2026-08-12,96,3552,10,768
RR-0002-2026-08-13,RR-0002,2026-08-13,188,9776,13,564
RR-0002-2026-08-14,RR-0002,2026-08-14,171,13509,23,342
RR-0002-2026-08-15,RR-0002,2026-08-15,168,12096,7,504
RR-0002-2026-08-16,RR-0002,2026-08-16,58,4524,4,232
RR-0002-2026-08-17,RR-0002,2026-08-17,219,9198,19,1971
RR-0002-2026-08-18,RR-0002,2026-08-18,31,2480,4,186
RR-0002-2026-08-19,RR-0002,2026-08-19,209,16720,14,2090
RR-0002-2026-08-20,RR-0002,2026-08-20,234,10530,10,1170
RR-0002-2026-08-21,RR-0002,2026-08-21,153,5814,0,1071
RR-0002-2026-08-22,RR-0002,2026-08-22,187,12155,24,1870
RR-0002-2026-08-23,RR-0002,2026-08-23,203,15834,24,1015
RR-0002-2026-08-24,RR-0002,2026-08-24,126,3780,14,882
RR-0002-2026-08-25,RR-0002,2026-08-25,16,976,1,112
RR-0002-2026-08-26,RR-0002,2026-08-26,55,4180,1,165
RR-0002-2026-08-27,RR-0002,2026-08-27,184,5520,7,552
RR-0002-2026-08-28,RR-0002,2026-08-28,40,2000,5,320
RR-0002-2026-08-29,RR-0002,2026-08-29,73,5694,0,511
RR-0002-2026-08-30,RR-0002,2026-08-30,91,6279,11,364
RR-0002-2026-08-31,RR-0002,2026-08-31,44,2552,2,396
RR-0002-2026-09-01,RR-0002,2026-09-01,35,1680,4,175
RR-0002-2026-09-02,RR-0002,2026-09-02,5,365,3,10
RR-0002-2026-09-03,RR-0002,2026-09-03,61,2989,3,366
RR-0003-2026-08-05,RR-0003,2026-08-05,61,4209,6,549
RR-0003-2026-08-06,RR-0003,2026-08-06,185,7030,20,555
RR-0003-2026-08-07,RR-0003,2026-08-07,182,6188,1,1274
RR-0003-2026-08-08,RR-0003,2026-08-08,150,5250,19,1500
RR-0003-2026-08-09,RR-0003,2026-08-09,134,7504,0,1340
RR-0003-2026-08-10,RR-0003,2026-08-10,46,2484,3,460
RR-0003-2026-08-11,RR-0003,2026-08-11,148,5328,0,740
RR-0003-2026-08-12,RR-0003,2026-08-12,158,6162,0,474
RR-0003-2026-08-13,RR-0003,2026-08-13,181,9231,12,1810
RR-0003-2026-08-14,RR-0003,2026-08-14,230,6900,14,1150
RR-0003-2026-08-15,RR-0003,2026-08-15,137,4521,3,274
RR-0003-2026-08-16,RR-0003,2026-08-16,38,1330,0,342
RR-0003-2026-08-17,RR-0003,2026-08-17,153,3978,6,612
RR-0003-2026-08-18,RR-0003,2026-08-18,112,5712,10,1008
RR-0003-2026-08-19,RR-0003,2026-08-19,67,5293,2,536
RR-0003-2026-08-20,RR-0003,2026-08-20,158,9954,7,1422
RR-0003-2026-08-21,RR-0003,2026-08-21,123,3813,14,861
RR-0003-2026-08-22,RR-0003,2026-08-22,237,17775,22,2370
RR-0003-2026-08-23,RR-0003,2026-08-23,60,3540,6,600
RR-0003-2026-08-24,RR-0003,2026-08-24,190,13490,23,1710
RR-0003-2026-08-25,RR-0003,2026-08-25,168,9576,2,1176
RR-0003-2026-08-26,RR-0003,2026-08-26,35,1470,0,245
RR-0003-2026-08-27,RR-0003,2026-08-27,15,810,2,75
RR-0003-2026-08-28,RR-0003,2026-08-28,115,9200,13,575
RR-0003-2026-08-29,RR-0003,2026-08-29,48,2976,4,480
RR-0003-2026-08-30,RR-0003,2026-08-30,14,392,1,42
RR-0003-2026-08-31,RR-0003,2026-08-31,189,13608,11,378
RR-0003-2026-09-01,RR-0003,2026-09-01,140,9380,8,980
RR-0003-2026-09-02,RR-0003,2026-09-02,87,5394,10,435
RR-0003-2026-09-03,RR-0003,2026-09-03,5,205,2,35
RR-0004-2026-08-05,RR-0004,2026-08-05,208,16224,24,1248
RR-0004-2026-08-06,RR-0004,2026-08-06,66,4290,7,198
RR-0004-2026-08-07,RR-0004,2026-08-07,47,3760,3,470
RR-0004-2026-08-08,RR-0004,2026-08-08,83,5727,1,581
RR-0004-2026-08-09,RR-0004,2026-08-09,54,3294,3,324
RR-0004-2026-08-10,RR-0004,2026-08-10,102,3162,3,306
RR-0004-2026-08-11,RR-0004,2026-08-11,49,1470,1,392
RR-0004-2026-08-12,RR-0004,2026-08-12,49,2842,6,245
RR-0004-2026-08-13,RR-0004,2026-08-13,58,4176,8,290
RR-0004-2026-08-14,RR-0004,2026-08-14,138,8142,12,1242
RR-0004-2026-08-15,RR-0004,2026-08-15,254,6350,13,1524
RR-0004-2026-08-16,RR-0004,2026-08-16,148,4440,6,592
RR-0004-2026-08-17,RR-0004,2026-08-17,147,8967,12,882
RR-0004-2026-08-18,RR-0004,2026-08-18,65,2145,8,325
RR-0004-2026-08-19,RR-0004,2026-08-19,171,10431,15,684
RR-0004-2026-08-20,RR-0004,2026-08-20,190,6460,24,570
RR-0004-2026-08-21,RR-0004,2026-08-21,234,11232,22,2106
RR-0004-2026-08-22,RR-0004,2026-08-22,243,15309,14,2187
RR-0004-2026-08-23,RR-0004,2026-08-23,86,4730,8,172
RR-0004-2026-08-24,RR-0004,2026-08-24,144,7632,14,576
RR-0004-2026-08-25,RR-0004,2026-08-25,171,9576,10,1539
RR-0004-2026-08-26,RR-0004,2026-08-26,149,9536,5,745
RR-0004-2026-08-27,RR-0004,2026-08-27,104,5408,3,312
RR-0004-2026-08-28,RR-0004,2026-08-28,137,8631,6,1096
RR-0004-2026-08-29,RR-0004,2026-08-29,215,10750,0,1505
RR-0004-2026-08-30,RR-0004,2026-08-30,159,4293,4,318
RR-0004-2026-08-31,RR-0004,2026-08-31,122,7320,5,244
RR-0004-2026-09-01,RR-0004,2026-09-01,258,15738,28,2064
RR-0004-2026-09-02,RR-0004,2026-09-02,63,2835,7,189
RR-0004-2026-09-03,RR-0004,2026-09-03,256,17920,25,768
RR-0005-2026-08-05,RR-0005,2026-08-05,106,4346,10,636
RR-0005-2026-08-06,RR-0005,2026-08-06,217,15841,23,1736
RR-0005-2026-08-07,RR-0005,2026-08-07,170,6120,20,1360
RR-0005-2026-08-08,RR-0005,2026-08-08,136,4624,3,952
RR-0005-2026-08-09,RR-0005,2026-08-09,122,4392,4,244
RR-0005-2026-08-10,RR-0005,2026-08-10,196,10780,13,784
RR-0005-2026-08-11,RR-0005,2026-08-11,102,4284,0,408
RR-0005-2026-08-12,RR-0005,2026-08-12,69,3243,8,414
RR-0005-2026-08-13,RR-0005,2026-08-13,193,5983,16,1737
RR-0005-2026-08-14,RR-0005,2026-08-14,135,10125,6,945
RR-0005-2026-08-15,RR-0005,2026-08-15,102,5610,5,918
RR-0005-2026-08-16,RR-0005,2026-08-16,102,2754,5,1020
RR-0005-2026-08-17,RR-0005,2026-08-17,163,11247,10,652
RR-0005-2026-08-18,RR-0005,2026-08-18,116,5220,2,232
RR-0005-2026-08-19,RR-0005,2026-08-19,133,8113,15,1064
RR-0005-2026-08-20,RR-0005,2026-08-20,118,6844,7,590
RR-0005-2026-08-21,RR-0005,2026-08-21,233,7689,27,1165
RR-0005-2026-08-22,RR-0005,2026-08-22,57,3819,3,285
RR-0005-2026-08-23,RR-0005,2026-08-23,45,2925,3,450
RR-0005-2026-08-24,RR-0005,2026-08-24,97,4656,4,194
RR-0005-2026-08-25,RR-0005,2026-08-25,113,3842,7,678
RR-0005-2026-08-26,RR-0005,2026-08-26,186,11160,20,372
RR-0005-2026-08-27,RR-0005,2026-08-27,44,3432,0,88
RR-0005-2026-08-28,RR-0005,2026-08-28,197,9653,13,1379
RR-0005-2026-08-29,RR-0005,2026-08-29,170,11730,17,1530
RR-0005-2026-08-30,RR-0005,2026-08-30,30,1560,0,60
RR-0005-2026-08-31,RR-0005,2026-08-31,63,2709,2,567
RR-0005-2026-09-01,RR-0005,2026-09-01,183,12993,6,1830
RR-0005-2026-09-02,RR-0005,2026-09-02,37,925,3,222
RR-0005-2026-09-03,RR-0005,2026-09-03,37,2849,5,370
RR-0006-2026-08-05,RR-0006,2026-08-05,234,11232,20,702
RR-0006-2026-08-06,RR-0006,2026-08-06,115,7705,11,920
RR-0006-2026-08-07,RR-0006,2026-08-07,206,13184,5,1236
RR-0006-2026-08-08,RR-0006,2026-08-08,92,5612,2,920
RR-0006-2026-08-09,RR-0006,2026-08-09,178,10680,22,1780
RR-0006-2026-08-10,RR-0006,2026-08-10,242,6292,4,726
RR-0006-2026-08-11,RR-0006,2026-08-11,108,5076,6,1080
RR-0006-2026-08-12,RR-0006,2026-08-12,155,11160,20,1240
RR-0006-2026-08-13,RR-0006,2026-08-13,200,5400,1,1600
RR-0006-2026-08-14,RR-0006,2026-08-14,232,10440,2,2320
RR-0006-2026-08-15,RR-0006,2026-08-15,161,12236,1,805
RR-0006-2026-08-16,RR-0006,2026-08-16,78,4680,1,390
RR-0006-2026-08-17,RR-0006,2026-08-17,118,4956,10,236
RR-0006-2026-08-18,RR-0006,2026-08-18,132,8712,8,1188
RR-0006-2026-08-19,RR-0006,2026-08-19,184,11408,5,1656
RR-0006-2026-08-20,RR-0006,2026-08-20,248,15624,11,2480
RR-0006-2026-08-21,RR-0006,2026-08-21,234,17082,13,1872
RR-0006-2026-08-22,RR-0006,2026-08-22,143,4004,9,572
RR-0006-2026-08-23,RR-0006,2026-08-23,189,14175,23,1890
RR-0006-2026-08-24,RR-0006,2026-08-24,196,15288,0,1568
RR-0006-2026-08-25,RR-0006,2026-08-25,188,5828,13,376
RR-0006-2026-08-26,RR-0006,2026-08-26,257,16705,31,2056
RR-0006-2026-08-27,RR-0006,2026-08-27,133,9044,0,798
RR-0006-2026-08-28,RR-0006,2026-08-28,188,14852,0,940
RR-0006-2026-08-29,RR-0006,2026-08-29,175,9100,18,525
RR-0006-2026-08-30,RR-0006,2026-08-30,188,4888,25,1504
RR-0006-2026-08-31,RR-0006,2026-08-31,230,10580,2,2070
RR-0006-2026-09-01,RR-0006,2026-09-01,203,11977,8,1421
RR-0006-2026-09-02,RR-0006,2026-09-02,210,7980,1,420
RR-0006-2026-09-03,RR-0006,2026-09-03,190,9880,23,760
RR-0007-2026-08-05,RR-0007,2026-08-05,139,5977,13,1390
RR-0007-2026-08-06,RR-0007,2026-08-06,199,9154,21,995
RR-0007-2026-08-07,RR-0007,2026-08-07,193,7141,13,1544
RR-0007-2026-08-08,RR-0007,2026-08-08,189,9828,24,1701
RR-0007-2026-08-09,RR-0007,2026-08-09,74,3330,10,740
RR-0007-2026-08-10,RR-0007,2026-08-10,168,5208,17,336
RR-0007-2026-08-11,RR-0007,2026-08-11,160,6240,0,960
RR-0007-2026-08-12,RR-0007,2026-08-12,124,5084,16,868
RR-0007-2026-08-13,RR-0007,2026-08-13,142,6106,7,284
RR-0007-2026-08-14,RR-0007,2026-08-14,201,6231,14,1005
RR-0007-2026-08-15,RR-0007,2026-08-15,33,1584,0,297
RR-0007-2026-08-16,RR-0007,2026-08-16,24,1104,3,72
RR-0007-2026-08-17,RR-0007,2026-08-17,31,2418,4,186
RR-0007-2026-08-18,RR-0007,2026-08-18,145,11600,1,435
RR-0007-2026-08-19,RR-0007,2026-08-19,149,8195,10,298
RR-0007-2026-08-20,RR-0007,2026-08-20,102,6528,11,408
RR-0007-2026-08-21,RR-0007,2026-08-21,42,1680,2,210
RR-0007-2026-08-22,RR-0007,2026-08-22,29,754,0,232
RR-0007-2026-08-23,RR-0007,2026-08-23,32,2080,0,128
RR-0007-2026-08-24,RR-0007,2026-08-24,218,5668,27,654
RR-0007-2026-08-25,RR-0007,2026-08-25,81,4374,10,486
RR-0007-2026-08-26,RR-0007,2026-08-26,118,7080,10,708
RR-0007-2026-08-27,RR-0007,2026-08-27,142,10224,6,1420
RR-0007-2026-08-28,RR-0007,2026-08-28,5,255,0,10
RR-0007-2026-08-29,RR-0007,2026-08-29,78,2496,2,234
RR-0007-2026-08-30,RR-0007,2026-08-30,191,7258,6,955
RR-0007-2026-08-31,RR-0007,2026-08-31,161,7567,23,483
RR-0007-2026-09-01,RR-0007,2026-09-01,24,1272,0,240
RR-0007-2026-09-02,RR-0007,2026-09-02,62,4712,7,186
RR-0007-2026-09-03,RR-0007,2026-09-03,151,4530,12,1057
RR-0008-2026-08-05,RR-0008,2026-08-05,255,13770,1,510
RR-0008-2026-08-06,RR-0008,2026-08-06,81,3321,5,324
RR-0008-2026-08-07,RR-0008,2026-08-07,205,7585,0,615
RR-0008-2026-08-08,RR-0008,2026-08-08,80,6160,1,160
RR-0008-2026-08-09,RR-0008,2026-08-09,89,4806,6,890
RR-0008-2026-08-10,RR-0008,2026-08-10,257,12079,36,771
RR-0008-2026-08-11,RR-0008,2026-08-11,211,11605,3,2110
RR-0008-2026-08-12,RR-0008,2026-08-12,57,3705,2,399
RR-0008-2026-08-13,RR-0008,2026-08-13,242,7018,28,726
RR-0008-2026-08-14,RR-0008,2026-08-14,98,3136,1,392
RR-0008-2026-08-15,RR-0008,2026-08-15,53,2915,4,530
RR-0008-2026-08-16,RR-0008,2026-08-16,173,6747,13,346
RR-0008-2026-08-17,RR-0008,2026-08-17,142,4686,13,568
RR-0008-2026-08-18,RR-0008,2026-08-18,208,14768,20,832
RR-0008-2026-08-19,RR-0008,2026-08-19,248,10416,0,2480
RR-0008-2026-08-20,RR-0008,2026-08-20,101,2727,5,404
RR-0008-2026-08-21,RR-0008,2026-08-21,232,6728,23,1624
RR-0008-2026-08-22,RR-0008,2026-08-22,79,5688,6,316
RR-0008-2026-08-23,RR-0008,2026-08-23,192,10176,1,1536
RR-0008-2026-08-24,RR-0008,2026-08-24,129,3354,4,387
RR-0008-2026-08-25,RR-0008,2026-08-25,83,2075,7,249
RR-0008-2026-08-26,RR-0008,2026-08-26,76,3952,6,380
RR-0008-2026-08-27,RR-0008,2026-08-27,50,1450,0,300
RR-0008-2026-08-28,RR-0008,2026-08-28,240,17040,13,960
RR-0008-2026-08-29,RR-0008,2026-08-29,85,5015,5,510
RR-0008-2026-08-30,RR-0008,2026-08-30,117,6552,3,1053
RR-0008-2026-08-31,RR-0008,2026-08-31,259,10360,30,1813
RR-0008-2026-09-01,RR-0008,2026-09-01,102,7140,10,306
RR-0008-2026-09-02,RR-0008,2026-09-02,139,7784,15,1390
RR-0008-2026-09-03,RR-0008,2026-09-03,179,4475,24,1253
RR-0009-2026-08-05,RR-0009,2026-08-05,151,6493,17,1359
RR-0009-2026-08-06,RR-0009,2026-08-06,86,3010,7,774
RR-0009-2026-08-07,RR-0009,2026-08-07,72,2376,3,216
RR-0009-2026-08-08,RR-0009,2026-08-08,124,8680,8,744
RR-0009-2026-08-09,RR-0009,2026-08-09,246,9594,25,1722
RR-0009-2026-08-10,RR-0009,2026-08-10,248,17856,20,1736
RR-0009-2026-08-11,RR-0009,2026-08-11,122,5612,11,366
RR-0009-2026-08-12,RR-0009,2026-08-12,76,2280,9,684
RR-0009-2026-08-13,RR-0009,2026-08-13,212,12720,15,2120
RR-0009-2026-08-14,RR-0009,2026-08-14,130,3900,13,390
RR-0009-2026-08-15,RR-0009,2026-08-15,169,6084,7,1521
RR-0009-2026-08-16,RR-0009,2026-08-16,15,720,1,30
RR-0009-2026-08-17,RR-0009,2026-08-17,190,15010,8,950
RR-0009-2026-08-18,RR-0009,2026-08-18,176,4400,24,528
RR-0009-2026-08-19,RR-0009,2026-08-19,5,320,0,15
RR-0009-2026-08-20,RR-0009,2026-08-20,159,3975,15,477
RR-0009-2026-08-21,RR-0009,2026-08-21,197,9259,17,394
RR-0009-2026-08-22,RR-0009,2026-08-22,229,11450,16,1832
RR-0009-2026-08-23,RR-0009,2026-08-23,46,2806,2,184
RR-0009-2026-08-24,RR-0009,2026-08-24,72,3024,5,360
RR-0009-2026-08-25,RR-0009,2026-08-25,72,4536,1,576
RR-0009-2026-08-26,RR-0009,2026-08-26,23,1311,2,138
RR-0009-2026-08-27,RR-0009,2026-08-27,194,14356,3,388
RR-0009-2026-08-28,RR-0009,2026-08-28,141,5922,15,1269
RR-0009-2026-08-29,RR-0009,2026-08-29,202,6868,15,808
RR-0009-2026-08-30,RR-0009,2026-08-30,119,9282,2,476
RR-0009-2026-08-31,RR-0009,2026-08-31,16,768,1,144
RR-0009-2026-09-01,RR-0009,2026-09-01,176,7568,15,528
RR-0009-2026-09-02,RR-0009,2026-09-02,93,2790,4,837
RR-0009-2026-09-03,RR-0009,2026-09-03,180,14220,12,900
RR-0010-2026-08-05,RR-0010,2026-08-05,173,12283,18,865
RR-0010-2026-08-06,RR-0010,2026-08-06,209,5225,21,1463
RR-0010-2026-08-07,RR-0010,2026-08-07,137,4795,14,1096
RR-0010-2026-08-08,RR-0010,2026-08-08,169,9633,14,1352
RR-0010-2026-08-09,RR-0010,2026-08-09,143,8580,0,715
RR-0010-2026-08-10,RR-0010,2026-08-10,149,10132,12,596
RR-0010-2026-08-11,RR-0010,2026-08-11,170,5270,21,340
RR-0010-2026-08-12,RR-0010,2026-08-12,154,11088,8,1386
RR-0010-2026-08-13,RR-0010,2026-08-13,144,8784,2,432
RR-0010-2026-08-14,RR-0010,2026-08-14,89,2225,7,801
RR-0010-2026-08-15,RR-0010,2026-08-15,80,4880,0,800
RR-0010-2026-08-16,RR-0010,2026-08-16,36,2412,0,216
RR-0010-2026-08-17,RR-0010,2026-08-17,74,5254,8,740
RR-0010-2026-08-18,RR-0010,2026-08-18,45,3060,6,315
RR-0010-2026-08-19,RR-0010,2026-08-19,124,4836,3,992
RR-0010-2026-08-20,RR-0010,2026-08-20,127,4572,13,508
RR-0010-2026-08-21,RR-0010,2026-08-21,5,130,3,45
RR-0010-2026-08-22,RR-0010,2026-08-22,97,5723,12,970
RR-0010-2026-08-23,RR-0010,2026-08-23,147,9996,21,1323
RR-0010-2026-08-24,RR-0010,2026-08-24,23,736,1,46
RR-0010-2026-08-25,RR-0010,2026-08-25,153,10710,19,459
RR-0010-2026-08-26,RR-0010,2026-08-26,84,2520,3,588
RR-0010-2026-08-27,RR-0010,2026-08-27,44,2552,4,176
RR-0010-2026-08-28,RR-0010,2026-08-28,88,4664,0,352
RR-0010-2026-08-29,RR-0010,2026-08-29,196,15680,13,588
RR-0010-2026-08-30,RR-0010,2026-08-30,156,4836,11,312
RR-0010-2026-08-31,RR-0010,2026-08-31,94,7520,1,470
RR-0010-2026-09-01,RR-0010,2026-09-01,56,4480,8,224
RR-0010-2026-09-02,RR-0010,2026-09-02,28,1932,2,84
RR-0010-2026-09-03,RR-0010,2026-09-03,201,10251,2,804
RR-0011-2026-08-05,RR-0011,2026-08-05,77,3850,7,462
RR-0011-2026-08-06,RR-0011,2026-08-06,81,2835,1,243
RR-0011-2026-08-07,RR-0011,2026-08-07,92,3036,3,460
RR-0011-2026-08-08,RR-0011,2026-08-08,63,4851,6,315
RR-0011-2026-08-09,RR-0011,2026-08-09,143,4719,3,286
RR-0011-2026-08-10,RR-0011,2026-08-10,184,7544,1,920
RR-0011-2026-08-11,RR-0011,2026-08-11,220,9460,25,1980
RR-0011-2026-08-12,RR-0011,2026-08-12,240,6720,2,1680
RR-0011-2026-08-13,RR-0011,2026-08-13,180,9900,24,900
RR-0011-2026-08-14,RR-0011,2026-08-14,223,8028,17,1338
RR-0011-2026-08-15,RR-0011,2026-08-15,118,5310,16,1062
RR-0011-2026-08-16,RR-0011,2026-08-16,81,5913,0,810
RR-0011-2026-08-17,RR-0011,2026-08-17,232,14848,20,1160
RR-0011-2026-08-18,RR-0011,2026-08-18,97,3007,9,970
RR-0011-2026-08-19,RR-0011,2026-08-19,220,8580,23,1760
RR-0011-2026-08-20,RR-0011,2026-08-20,56,1568,0,280
RR-0011-2026-08-21,RR-0011,2026-08-21,230,13340,8,2070
RR-0011-2026-08-22,RR-0011,2026-08-22,63,4221,8,504
RR-0011-2026-08-23,RR-0011,2026-08-23,73,4891,7,730
RR-0011-2026-08-24,RR-0011,2026-08-24,72,4824,6,648
RR-0011-2026-08-25,RR-0011,2026-08-25,45,3285,1,360
RR-0011-2026-08-26,RR-0011,2026-08-26,54,2970,6,324
RR-0011-2026-08-27,RR-0011,2026-08-27,54,3942,3,378
RR-0011-2026-08-28,RR-0011,2026-08-28,156,11700,9,1560
RR-0011-2026-08-29,RR-0011,2026-08-29,58,3422,7,348
RR-0011-2026-08-30,RR-0011,2026-08-30,149,8493,12,1043
RR-0011-2026-08-31,RR-0011,2026-08-31,106,2862,9,636
RR-0011-2026-09-01,RR-0011,2026-09-01,160,5920,2,1600
RR-0011-2026-09-02,RR-0011,2026-09-02,55,1375,4,110
RR-0011-2026-09-03,RR-0011,2026-09-03,107,3745,13,856
RR-0012-2026-08-05,RR-0012,2026-08-05,58,3248,4,174
RR-0012-2026-08-06,RR-0012,2026-08-06,63,1890,3,252
RR-0012-2026-08-07,RR-0012,2026-08-07,186,7998,11,1674
RR-0012-2026-08-08,RR-0012,2026-08-08,111,5439,10,333
RR-0012-2026-08-09,RR-0012,2026-08-09,197,6698,1,985
RR-0012-2026-08-10,RR-0012,2026-08-10,65,5200,0,325
RR-0012-2026-08-11,RR-0012,2026-08-11,85,4165,3,680
RR-0012-2026-08-12,RR-0012,2026-08-12,231,12243,12,693
RR-0012-2026-08-13,RR-0012,2026-08-13,164,9512,6,1312
RR-0012-2026-08-14,RR-0012,2026-08-14,113,7571,4,452
RR-0012-2026-08-15,RR-0012,2026-08-15,149,7897,6,298
RR-0012-2026-08-16,RR-0012,2026-08-16,47,2209,4,329
RR-0012-2026-08-17,RR-0012,2026-08-17,110,6600,5,770
RR-0012-2026-08-18,RR-0012,2026-08-18,31,2232,2,248
RR-0012-2026-08-19,RR-0012,2026-08-19,42,3066,1,126
RR-0012-2026-08-20,RR-0012,2026-08-20,109,7194,4,218
RR-0012-2026-08-21,RR-0012,2026-08-21,47,1598,1,329
RR-0012-2026-08-22,RR-0012,2026-08-22,21,1113,1,84
RR-0012-2026-08-23,RR-0012,2026-08-23,42,1512,5,84
RR-0012-2026-08-24,RR-0012,2026-08-24,91,5824,4,546
RR-0012-2026-08-25,RR-0012,2026-08-25,103,5871,14,618
RR-0012-2026-08-26,RR-0012,2026-08-26,171,13167,4,684
RR-0012-2026-08-27,RR-0012,2026-08-27,85,4760,1,595
RR-0012-2026-08-28,RR-0012,2026-08-28,168,12600,8,840
RR-0012-2026-08-29,RR-0012,2026-08-29,5,345,0,35
RR-0012-2026-08-30,RR-0012,2026-08-30,168,13104,13,504
RR-0012-2026-08-31,RR-0012,2026-08-31,12,732,3,60
RR-0012-2026-09-01,RR-0012,2026-09-01,141,11280,0,1128
RR-0012-2026-09-02,RR-0012,2026-09-02,157,11304,14,1099
RR-0012-2026-09-03,RR-0012,2026-09-03,170,12070,24,510
RR-0013-2026-08-05,RR-0013,2026-08-05,69,2208,1,207
RR-0013-2026-08-06,RR-0013,2026-08-06,142,8804,2,426
RR-0013-2026-08-07,RR-0013,2026-08-07,71,4686,0,142
RR-0013-2026-08-08,RR-0013,2026-08-08,238,6902,16,714
RR-0013-2026-08-09,RR-0013,2026-08-09,68,5372,4,204
RR-0013-2026-08-10,RR-0013,2026-08-10,37,1406,4,296
RR-0013-2026-08-11,RR-0013,2026-08-11,198,12474,5,990
RR-0013-2026-08-12,RR-0013,2026-08-12,121,7381,14,484
RR-0013-2026-08-13,RR-0013,2026-08-13,62,4092,3,558
RR-0013-2026-08-14,RR-0013,2026-08-14,101,5959,10,606
RR-0013-2026-08-15,RR-0013,2026-08-15,170,11900,15,850
RR-0013-2026-08-16,RR-0013,2026-08-16,163,10269,6,1467
RR-0013-2026-08-17,RR-0013,2026-08-17,164,12628,2,984
RR-0013-2026-08-18,RR-0013,2026-08-18,201,9246,13,1206
RR-0013-2026-08-19,RR-0013,2026-08-19,115,5405,0,460
RR-0013-2026-08-20,RR-0013,2026-08-20,58,4466,3,232
RR-0013-2026-08-21,RR-0013,2026-08-21,46,1840,4,460
RR-0013-2026-08-22,RR-0013,2026-08-22,61,2562,4,244
RR-0013-2026-08-23,RR-0013,2026-08-23,35,2450,4,175
RR-0013-2026-08-24,RR-0013,2026-08-24,42,2184,6,378
RR-0013-2026-08-25,RR-0013,2026-08-25,175,13300,15,1400
RR-0013-2026-08-26,RR-0013,2026-08-26,211,10550,11,1266
RR-0013-2026-08-27,RR-0013,2026-08-27,117,8307,0,819
RR-0013-2026-08-28,RR-0013,2026-08-28,11,704,1,55
RR-0013-2026-08-29,RR-0013,2026-08-29,5,355,3,20
RR-0013-2026-08-30,RR-0013,2026-08-30,174,13050,9,522
RR-0013-2026-08-31,RR-0013,2026-08-31,173,10899,16,1730
RR-0013-2026-09-01,RR-0013,2026-09-01,57,1824,3,114
RR-0013-2026-09-02,RR-0013,2026-09-02,95,4370,5,380
RR-0013-2026-09-03,RR-0013,2026-09-03,45,3420,4,405
RR-0014-2026-08-05,RR-0014,2026-08-05,168,10920,6,1176
RR-0014-2026-08-06,RR-0014,2026-08-06,256,16896,26,1280
RR-0014-2026-08-07,RR-0014,2026-08-07,156,10140,11,312
RR-0014-2026-08-08,RR-0014,2026-08-08,227,7945,6,2043
RR-0014-2026-08-09,RR-0014,2026-08-09,91,7189,12,364
RR-0014-2026-08-10,RR-0014,2026-08-10,243,18711,22,1458
RR-0014-2026-08-11,RR-0014,2026-08-11,203,8932,8,406
RR-0014-2026-08-12,RR-0014,2026-08-12,139,10286,6,973
RR-0014-2026-08-13,RR-0014,2026-08-13,117,7956,1,585
RR-0014-2026-08-14,RR-0014,2026-08-14,213,10011,0,639
RR-0014-2026-08-15,RR-0014,2026-08-15,238,11662,14,1904
RR-0014-2026-08-16,RR-0014,2026-08-16,108,3780,9,1080
RR-0014-2026-08-17,RR-0014,2026-08-17,219,16206,21,1971
RR-0014-2026-08-18,RR-0014,2026-08-18,132,5412,10,660
RR-0014-2026-08-19,RR-0014,2026-08-19,15,630,2,150
RR-0014-2026-08-20,RR-0014,2026-08-20,73,5110,6,219
RR-0014-2026-08-21,RR-0014,2026-08-21,114,7866,1,1026
RR-0014-2026-08-22,RR-0014,2026-08-22,131,9301,13,786
RR-0014-2026-08-23,RR-0014,2026-08-23,186,11904,13,1116
RR-0014-2026-08-24,RR-0014,2026-08-24,183,11163,21,1281
RR-0014-2026-08-25,RR-0014,2026-08-25,192,10176,27,384
RR-0014-2026-08-26,RR-0014,2026-08-26,151,10419,8,1510
RR-0014-2026-08-27,RR-0014,2026-08-27,154,4928,16,1386
RR-0014-2026-08-28,RR-0014,2026-08-28,18,486,2,144
RR-0014-2026-08-29,RR-0014,2026-08-29,26,754,3,104
RR-0014-2026-08-30,RR-0014,2026-08-30,10,280,1,80
RR-0014-2026-08-31,RR-0014,2026-08-31,163,4564,20,1467
RR-0014-2026-09-01,RR-0014,2026-09-01,27,837,2,54
RR-0014-2026-09-02,RR-0014,2026-09-02,17,1326,1,51
RR-0014-2026-09-03,RR-0014,2026-09-03,196,12740,21,980
RR-0015-2026-08-05,RR-0015,2026-08-05,173,4498,19,1730
RR-0015-2026-08-06,RR-0015,2026-08-06,75,3375,5,675
RR-0015-2026-08-07,RR-0015,2026-08-07,141,10857,16,423
RR-0015-2026-08-08,RR-0015,2026-08-08,103,5562,10,824
RR-0015-2026-08-09,RR-0015,2026-08-09,209,10450,4,836
RR-0015-2026-08-10,RR-0015,2026-08-10,102,4284,3,1020
RR-0015-2026-08-11,RR-0015,2026-08-11,203,7917,15,1218
RR-0015-2026-08-12,RR-0015,2026-08-12,62,3596,1,310
RR-0015-2026-08-13,RR-0015,2026-08-13,132,7656,6,924
RR-0015-2026-08-14,RR-0015,2026-08-14,166,5976,4,830
RR-0015-2026-08-15,RR-0015,2026-08-15,133,5852,6,532
RR-0015-2026-08-16,RR-0015,2026-08-16,50,3650,2,150
RR-0015-2026-08-17,RR-0015,2026-08-17,83,5727,6,830
RR-0015-2026-08-18,RR-0015,2026-08-18,197,13593,20,985
RR-0015-2026-08-19,RR-0015,2026-08-19,209,8987,23,1881
RR-0015-2026-08-20,RR-0015,2026-08-20,89,6675,9,534
RR-0015-2026-08-21,RR-0015,2026-08-21,227,12712,31,1816
RR-0015-2026-08-22,RR-0015,2026-08-22,163,6031,14,978
RR-0015-2026-08-23,RR-0015,2026-08-23,217,7378,14,1736
RR-0015-2026-08-24,RR-0015,2026-08-24,216,12744,1,648
RR-0015-2026-08-25,RR-0015,2026-08-25,203,8323,10,1015
RR-0015-2026-08-26,RR-0015,2026-08-26,54,2970,7,432
RR-0015-2026-08-27,RR-0015,2026-08-27,18,1098,0,72
RR-0015-2026-08-28,RR-0015,2026-08-28,74,4958,2,444
RR-0015-2026-08-29,RR-0015,2026-08-29,5,165,1,45
RR-0015-2026-08-30,RR-0015,2026-08-30,149,7450,2,1490
RR-0015-2026-08-31,RR-0015,2026-08-31,66,2046,0,264
RR-0015-2026-09-01,RR-0015,2026-09-01,111,4440,11,333
RR-0015-2026-09-02,RR-0015,2026-09-02,117,5850,10,1170
RR-0015-2026-09-03,RR-0015,2026-09-03,15,465,2,60
RR-0016-2026-08-05,RR-0016,2026-08-05,225,17100,0,1800
RR-0016-2026-08-06,RR-0016,2026-08-06,43,1247,3,344
RR-0016-2026-08-07,RR-0016,2026-08-07,44,2948,4,396
RR-0016-2026-08-08,RR-0016,2026-08-08,133,7448,0,399
RR-0016-2026-08-09,RR-0016,2026-08-09,180,4500,0,1080
RR-0016-2026-08-10,RR-0016,2026-08-10,82,4920,9,738
RR-0016-2026-08-11,RR-0016,2026-08-11,236,8260,30,944
RR-0016-2026-08-12,RR-0016,2026-08-12,206,8652,27,2060
RR-0016-2026-08-13,RR-0016,2026-08-13,85,3315,8,765
RR-0016-2026-08-14,RR-0016,2026-08-14,148,6808,11,1036
RR-0016-2026-08-15,RR-0016,2026-08-15,33,1617,2,165
RR-0016-2026-08-16,RR-0016,2026-08-16,166,11454,13,1660
RR-0016-2026-08-17,RR-0016,2026-08-17,226,7458,17,1808
RR-0016-2026-08-18,RR-0016,2026-08-18,159,9381,14,636
RR-0016-2026-08-19,RR-0016,2026-08-19,198,6336,14,1386
RR-0016-2026-08-20,RR-0016,2026-08-20,56,4424,0,504
RR-0016-2026-08-21,RR-0016,2026-08-21,115,5060,12,920
RR-0016-2026-08-22,RR-0016,2026-08-22,168,6216,24,1512
RR-0016-2026-08-23,RR-0016,2026-08-23,129,5676,2,774
RR-0016-2026-08-24,RR-0016,2026-08-24,80,2400,10,720
RR-0016-2026-08-25,RR-0016,2026-08-25,118,8260,15,826
RR-0016-2026-08-26,RR-0016,2026-08-26,187,5049,21,1496
RR-0016-2026-08-27,RR-0016,2026-08-27,189,11151,24,1512
RR-0016-2026-08-28,RR-0016,2026-08-28,153,5967,19,306
RR-0016-2026-08-29,RR-0016,2026-08-29,193,10422,23,965
RR-0016-2026-08-30,RR-0016,2026-08-30,16,896,2,128
RR-0016-2026-08-31,RR-0016,2026-08-31,5,245,0,15
RR-0016-2026-09-01,RR-0016,2026-09-01,92,6624,13,184
RR-0016-2026-09-02,RR-0016,2026-09-02,168,12096,18,672
RR-0016-2026-09-03,RR-0016,2026-09-03,5,140,3,20
RR-0017-2026-08-05,RR-0017,2026-08-05,241,12773,2,964
RR-0017-2026-08-06,RR-0017,2026-08-06,70,3640,0,490
RR-0017-2026-08-07,RR-0017,2026-08-07,63,4788,3,504
RR-0017-2026-08-08,RR-0017,2026-08-08,139,7645,19,695
RR-0017-2026-08-09,RR-0017,2026-08-09,119,4641,8,595
RR-0017-2026-08-10,RR-0017,2026-08-10,221,11271,13,1989
RR-0017-2026-08-11,RR-0017,2026-08-11,46,2944,1,230
RR-0017-2026-08-12,RR-0017,2026-08-12,93,6603,3,465
RR-0017-2026-08-13,RR-0017,2026-08-13,109,3161,6,436
RR-0017-2026-08-14,RR-0017,2026-08-14,190,5700,22,1520
RR-0017-2026-08-15,RR-0017,2026-08-15,190,6460,18,950
RR-0017-2026-08-16,RR-0017,2026-08-16,85,3995,2,170
RR-0017-2026-08-17,RR-0017,2026-08-17,205,15580,0,1435
RR-0017-2026-08-18,RR-0017,2026-08-18,78,4524,9,156
RR-0017-2026-08-19,RR-0017,2026-08-19,242,9680,2,1936
RR-0017-2026-08-20,RR-0017,2026-08-20,92,3312,0,736
RR-0017-2026-08-21,RR-0017,2026-08-21,137,9727,7,822
RR-0017-2026-08-22,RR-0017,2026-08-22,181,4525,25,1810
RR-0017-2026-08-23,RR-0017,2026-08-23,89,3827,7,801
RR-0017-2026-08-24,RR-0017,2026-08-24,219,10293,23,876
RR-0017-2026-08-25,RR-0017,2026-08-25,191,8213,19,764
RR-0017-2026-08-26,RR-0017,2026-08-26,212,7420,8,1060
RR-0017-2026-08-27,RR-0017,2026-08-27,200,5800,23,800
RR-0017-2026-08-28,RR-0017,2026-08-28,140,8400,12,700
RR-0017-2026-08-29,RR-0017,2026-08-29,210,8400,30,1050
RR-0017-2026-08-30,RR-0017,2026-08-30,236,6372,18,2360
RR-0017-2026-08-31,RR-0017,2026-08-31,98,3332,8,784
RR-0017-2026-09-01,RR-0017,2026-09-01,138,8694,12,1104
RR-0017-2026-09-02,RR-0017,2026-09-02,89,4450,0,712
RR-0017-2026-09-03,RR-0017,2026-09-03,192,10368,18,384
RR-0018-2026-08-05,RR-0018,2026-08-05,188,6768,17,940
RR-0018-2026-08-06,RR-0018,2026-08-06,103,4738,12,618
RR-0018-2026-08-07,RR-0018,2026-08-07,58,2842,4,348
RR-0018-2026-08-08,RR-0018,2026-08-08,128,5504,11,1024
RR-0018-2026-08-09,RR-0018,2026-08-09,134,6834,3,1206
RR-0018-2026-08-10,RR-0018,2026-08-10,241,7953,26,1687
RR-0018-2026-08-11,RR-0018,2026-08-11,99,3861,4,198
RR-0018-2026-08-12,RR-0018,2026-08-12,155,10230,1,775
RR-0018-2026-08-13,RR-0018,2026-08-13,218,14388,23,654
RR-0018-2026-08-14,RR-0018,2026-08-14,70,5250,3,700
RR-0018-2026-08-15,RR-0018,2026-08-15,95,7030,9,285
RR-0018-2026-08-16,RR-0018,2026-08-16,90,2430,0,270
RR-0018-2026-08-17,RR-0018,2026-08-17,75,4875,2,525
RR-0018-2026-08-18,RR-0018,2026-08-18,172,9288,7,1204
RR-0018-2026-08-19,RR-0018,2026-08-19,27,1323,0,162
RR-0018-2026-08-20,RR-0018,2026-08-20,35,2030,3,315
RR-0018-2026-08-21,RR-0018,2026-08-21,41,1640,1,287
RR-0018-2026-08-22,RR-0018,2026-08-22,43,2494,4,129
RR-0018-2026-08-23,RR-0018,2026-08-23,94,3948,6,188
RR-0018-2026-08-24,RR-0018,2026-08-24,5,355,2,10
RR-0018-2026-08-25,RR-0018,2026-08-25,146,3942,13,1314
RR-0018-2026-08-26,RR-0018,2026-08-26,145,5800,10,1450
RR-0018-2026-08-27,RR-0018,2026-08-27,81,3078,11,243
RR-0018-2026-08-28,RR-0018,2026-08-28,110,8360,3,440
RR-0018-2026-08-29,RR-0018,2026-08-29,173,7785,23,519
RR-0018-2026-08-30,RR-0018,2026-08-30,79,3239,8,790
RR-0018-2026-08-31,RR-0018,2026-08-31,42,2772,1,126
RR-0018-2026-09-01,RR-0018,2026-09-01,48,1680,1,144
RR-0018-2026-09-02,RR-0018,2026-09-02,5,155,3,35
RR-0018-2026-09-03,RR-0018,2026-09-03,145,8990,20,435
RR-0019-2026-08-05,RR-0019,2026-08-05,225,16650,26,1800
RR-0019-2026-08-06,RR-0019,2026-08-06,122,8174,0,610
RR-0019-2026-08-07,RR-0019,2026-08-07,245,7105,22,735
RR-0019-2026-08-08,RR-0019,2026-08-08,49,2989,4,343
RR-0019-2026-08-09,RR-0019,2026-08-09,208,14144,20,416
RR-0019-2026-08-10,RR-0019,2026-08-10,158,7742,9,1264
RR-0019-2026-08-11,RR-0019,2026-08-11,149,10281,5,1043
RR-0019-2026-08-12,RR-0019,2026-08-12,157,4710,19,785
RR-0019-2026-08-13,RR-0019,2026-08-13,119,4641,12,833
RR-0019-2026-08-14,RR-0019,2026-08-14,248,11904,26,1736
RR-0019-2026-08-15,RR-0019,2026-08-15,116,7540,9,928
RR-0019-2026-08-16,RR-0019,2026-08-16,150,8100,16,1500
RR-0019-2026-08-17,RR-0019,2026-08-17,88,7040,4,352
RR-0019-2026-08-18,RR-0019,2026-08-18,69,2415,0,414
RR-0019-2026-08-19,RR-0019,2026-08-19,80,3440,2,800
RR-0019-2026-08-20,RR-0019,2026-08-20,259,15281,14,1295
RR-0019-2026-08-21,RR-0019,2026-08-21,71,1988,9,639
RR-0019-2026-08-22,RR-0019,2026-08-22,49,2499,6,490
RR-0019-2026-08-23,RR-0019,2026-08-23,144,6912,14,1296
RR-0019-2026-08-24,RR-0019,2026-08-24,59,2537,5,177
RR-0019-2026-08-25,RR-0019,2026-08-25,178,6586,12,890
RR-0019-2026-08-26,RR-0019,2026-08-26,58,3538,4,290
RR-0019-2026-08-27,RR-0019,2026-08-27,47,2115,4,235
RR-0019-2026-08-28,RR-0019,2026-08-28,112,5264,4,336
RR-0019-2026-08-29,RR-0019,2026-08-29,208,10400,1,624
RR-0019-2026-08-30,RR-0019,2026-08-30,194,5238,3,1358
RR-0019-2026-08-31,RR-0019,2026-08-31,230,7360,5,1610
RR-0019-2026-09-01,RR-0019,2026-09-01,254,13716,18,2540
RR-0019-2026-09-02,RR-0019,2026-09-02,82,5986,3,328
RR-0019-2026-09-03,RR-0019,2026-09-03,96,4032,6,960
RR-0020-2026-08-05,RR-0020,2026-08-05,143,8437,1,858
RR-0020-2026-08-06,RR-0020,2026-08-06,131,6943,16,524
RR-0020-2026-08-07,RR-0020,2026-08-07,225,10350,12,1125
RR-0020-2026-08-08,RR-0020,2026-08-08,149,8493,8,1341
RR-0020-2026-08-09,RR-0020,2026-08-09,200,5000,18,1800
RR-0020-2026-08-10,RR-0020,2026-08-10,171,9405,4,684
RR-0020-2026-08-11,RR-0020,2026-08-11,253,8855,21,2277
RR-0020-2026-08-12,RR-0020,2026-08-12,133,9044,10,1064
RR-0020-2026-08-13,RR-0020,2026-08-13,182,14560,15,1820
RR-0020-2026-08-14,RR-0020,2026-08-14,94,6016,5,658
RR-0020-2026-08-15,RR-0020,2026-08-15,129,4386,16,258
RR-0020-2026-08-16,RR-0020,2026-08-16,192,9600,20,960
RR-0020-2026-08-17,RR-0020,2026-08-17,50,1750,4,400
RR-0020-2026-08-18,RR-0020,2026-08-18,226,14238,24,1582
RR-0020-2026-08-19,RR-0020,2026-08-19,63,4851,7,252
RR-0020-2026-08-20,RR-0020,2026-08-20,253,17710,24,2277
RR-0020-2026-08-21,RR-0020,2026-08-21,103,3399,12,309
RR-0020-2026-08-22,RR-0020,2026-08-22,157,8635,1,942
RR-0020-2026-08-23,RR-0020,2026-08-23,100,4000,10,600
RR-0020-2026-08-24,RR-0020,2026-08-24,144,3888,12,864
RR-0020-2026-08-25,RR-0020,2026-08-25,248,14384,29,1984
RR-0020-2026-08-26,RR-0020,2026-08-26,144,6768,11,432
RR-0020-2026-08-27,RR-0020,2026-08-27,121,3751,7,968
RR-0020-2026-08-28,RR-0020,2026-08-28,216,7992,10,432
RR-0020-2026-08-29,RR-0020,2026-08-29,254,8636,25,1524
RR-0020-2026-08-30,RR-0020,2026-08-30,237,9243,5,1896
RR-0020-2026-08-31,RR-0020,2026-08-31,73,5548,10,511
RR-0020-2026-09-01,RR-0020,2026-09-01,193,14475,7,1158
RR-0020-2026-09-02,RR-0020,2026-09-02,187,14399,3,1870
RR-0020-2026-09-03,RR-0020,2026-09-03,233,7922,7,2097
RR-0021-2026-08-05,RR-0021,2026-08-05,113,5876,14,226
RR-0021-2026-08-06,RR-0021,2026-08-06,221,9282,9,1547
RR-0021-2026-08-07,RR-0021,2026-08-07,212,12084,25,2120
RR-0021-2026-08-08,RR-0021,2026-08-08,131,8777,2,786
RR-0021-2026-08-09,RR-0021,2026-08-09,251,11546,24,2510
RR-0021-2026-08-10,RR-0021,2026-08-10,116,7192,5,1044
RR-0021-2026-08-11,RR-0021,2026-08-11,223,7582,6,669
RR-0021-2026-08-12,RR-0021,2026-08-12,258,14448,2,774
RR-0021-2026-08-13,RR-0021,2026-08-13,113,8249,16,678
RR-0021-2026-08-14,RR-0021,2026-08-14,204,9384,11,1632
RR-0021-2026-08-15,RR-0021,2026-08-15,209,7733,0,836
RR-0021-2026-08-16,RR-0021,2026-08-16,144,8784,12,1008
RR-0021-2026-08-17,RR-0021,2026-08-17,250,14250,19,1500
RR-0021-2026-08-18,RR-0021,2026-08-18,46,2162,2,368
RR-0021-2026-08-19,RR-0021,2026-08-19,67,4757,6,402
RR-0021-2026-08-20,RR-0021,2026-08-20,111,4218,1,333
RR-0021-2026-08-21,RR-0021,2026-08-21,166,5478,3,664
RR-0021-2026-08-22,RR-0021,2026-08-22,153,12087,12,306
RR-0021-2026-08-23,RR-0021,2026-08-23,130,8190,3,1170
RR-0021-2026-08-24,RR-0021,2026-08-24,238,13090,5,714
RR-0021-2026-08-25,RR-0021,2026-08-25,212,5512,1,848
RR-0021-2026-08-26,RR-0021,2026-08-26,245,13230,22,490
RR-0021-2026-08-27,RR-0021,2026-08-27,227,8626,4,1816
RR-0021-2026-08-28,RR-0021,2026-08-28,255,9180,6,1530
RR-0021-2026-08-29,RR-0021,2026-08-29,150,8100,1,750
RR-0021-2026-08-30,RR-0021,2026-08-30,64,3392,1,512
RR-0021-2026-08-31,RR-0021,2026-08-31,241,13978,16,723
RR-0021-2026-09-01,RR-0021,2026-09-01,48,1488,2,288
RR-0021-2026-09-02,RR-0021,2026-09-02,222,6438,12,1776
RR-0021-2026-09-03,RR-0021,2026-09-03,59,3776,8,472
RR-0022-2026-08-05,RR-0022,2026-08-05,139,8201,4,695
RR-0022-2026-08-06,RR-0022,2026-08-06,69,5244,6,552
RR-0022-2026-08-07,RR-0022,2026-08-07,220,6600,10,1100
RR-0022-2026-08-08,RR-0022,2026-08-08,209,13376,14,1045
RR-0022-2026-08-09,RR-0022,2026-08-09,192,8064,21,384
RR-0022-2026-08-10,RR-0022,2026-08-10,60,3360,6,360
RR-0022-2026-08-11,RR-0022,2026-08-11,107,5564,12,963
RR-0022-2026-08-12,RR-0022,2026-08-12,213,11715,17,1065
RR-0022-2026-08-13,RR-0022,2026-08-13,180,14400,19,1800
RR-0022-2026-08-14,RR-0022,2026-08-14,65,4030,0,390
RR-0022-2026-08-15,RR-0022,2026-08-15,212,13144,6,1484
RR-0022-2026-08-16,RR-0022,2026-08-16,107,3210,5,535
RR-0022-2026-08-17,RR-0022,2026-08-17,92,6900,8,920
RR-0022-2026-08-18,RR-0022,2026-08-18,183,7686,12,549
RR-0022-2026-08-19,RR-0022,2026-08-19,22,1452,2,132
RR-0022-2026-08-20,RR-0022,2026-08-20,98,2744,10,784
RR-0022-2026-08-21,RR-0022,2026-08-21,85,2125,3,510
RR-0022-2026-08-22,RR-0022,2026-08-22,63,2835,5,378
RR-0022-2026-08-23,RR-0022,2026-08-23,100,7900,10,900
RR-0022-2026-08-24,RR-0022,2026-08-24,104,3536,2,416
RR-0022-2026-08-25,RR-0022,2026-08-25,168,5208,5,840
RR-0022-2026-08-26,RR-0022,2026-08-26,168,7056,9,840
RR-0022-2026-08-27,RR-0022,2026-08-27,37,1369,4,296
RR-0022-2026-08-28,RR-0022,2026-08-28,11,429,0,99
RR-0022-2026-08-29,RR-0022,2026-08-29,26,1404,1,234
RR-0022-2026-08-30,RR-0022,2026-08-30,150,7800,14,300
RR-0022-2026-08-31,RR-0022,2026-08-31,81,5670,0,486
RR-0022-2026-09-01,RR-0022,2026-09-01,113,8814,16,565
RR-0022-2026-09-02,RR-0022,2026-09-02,12,816,1,108
RR-0022-2026-09-03,RR-0022,2026-09-03,105,7035,8,630
RR-0023-2026-08-05,RR-0023,2026-08-05,154,6314,8,1078
RR-0023-2026-08-06,RR-0023,2026-08-06,179,5370,3,1432
RR-0023-2026-08-07,RR-0023,2026-08-07,86,6020,7,430
RR-0023-2026-08-08,RR-0023,2026-08-08,177,13275,7,1770
RR-0023-2026-08-09,RR-0023,2026-08-09,176,13200,6,1232
RR-0023-2026-08-10,RR-0023,2026-08-10,194,12222,5,1358
RR-0023-2026-08-11,RR-0023,2026-08-11,235,14335,27,470
RR-0023-2026-08-12,RR-0023,2026-08-12,197,8865,28,591
RR-0023-2026-08-13,RR-0023,2026-08-13,150,6300,16,900
RR-0023-2026-08-14,RR-0023,2026-08-14,55,1595,4,550
RR-0023-2026-08-15,RR-0023,2026-08-15,41,1353,4,246
RR-0023-2026-08-16,RR-0023,2026-08-16,188,8084,15,940
RR-0023-2026-08-17,RR-0023,2026-08-17,193,11773,27,1351
RR-0023-2026-08-18,RR-0023,2026-08-18,23,1840,0,184
RR-0023-2026-08-19,RR-0023,2026-08-19,97,6111,10,582
RR-0023-2026-08-20,RR-0023,2026-08-20,120,4800,16,480
RR-0023-2026-08-21,RR-0023,2026-08-21,208,7904,22,1872
RR-0023-2026-08-22,RR-0023,2026-08-22,5,210,0,25
RR-0023-2026-08-23,RR-0023,2026-08-23,133,9975,16,931
RR-0023-2026-08-24,RR-0023,2026-08-24,208,6656,11,1248
RR-0023-2026-08-25,RR-0023,2026-08-25,43,1634,3,215
RR-0023-2026-08-26,RR-0023,2026-08-26,167,7682,18,1670
RR-0023-2026-08-27,RR-0023,2026-08-27,5,155,2,25
RR-0023-2026-08-28,RR-0023,2026-08-28,98,5586,1,588
RR-0023-2026-08-29,RR-0023,2026-08-29,10,480,3,30
RR-0023-2026-08-30,RR-0023,2026-08-30,19,1387,3,114
RR-0023-2026-08-31,RR-0023,2026-08-31,30,2190,4,60
RR-0023-2026-09-01,RR-0023,2026-09-01,12,552,0,72
RR-0023-2026-09-02,RR-0023,2026-09-02,150,8400,17,750
RR-0023-2026-09-03,RR-0023,2026-09-03,12,936,2,96
RR-0024-2026-08-05,RR-0024,2026-08-05,138,3864,12,690
RR-0024-2026-08-06,RR-0024,2026-08-06,207,11592,12,1035
RR-0024-2026-08-07,RR-0024,2026-08-07,46,1380,0,138
RR-0024-2026-08-08,RR-0024,2026-08-08,49,1568,4,294
RR-0024-2026-08-09,RR-0024,2026-08-09,232,13224,16,2088
RR-0024-2026-08-10,RR-0024,2026-08-10,157,6751,9,314
RR-0024-2026-08-11,RR-0024,2026-08-11,133,6650,8,1197
RR-0024-2026-08-12,RR-0024,2026-08-12,117,7956,4,1053
RR-0024-2026-08-13,RR-0024,2026-08-13,181,11403,9,362
RR-0024-2026-08-14,RR-0024,2026-08-14,69,2967,1,690
RR-0024-2026-08-15,RR-0024,2026-08-15,109,6322,0,763
RR-0024-2026-08-16,RR-0024,2026-08-16,34,1394,0,136
RR-0024-2026-08-17,RR-0024,2026-08-17,143,5005,15,858
RR-0024-2026-08-18,RR-0024,2026-08-18,38,1748,2,114
RR-0024-2026-08-19,RR-0024,2026-08-19,189,10962,16,945
RR-0024-2026-08-20,RR-0024,2026-08-20,124,9796,1,248
RR-0024-2026-08-21,RR-0024,2026-08-21,230,15640,4,2070
RR-0024-2026-08-22,RR-0024,2026-08-22,102,7650,12,714
RR-0024-2026-08-23,RR-0024,2026-08-23,104,3432,0,520
RR-0024-2026-08-24,RR-0024,2026-08-24,135,7830,15,810
RR-0024-2026-08-25,RR-0024,2026-08-25,206,11124,14,824
RR-0024-2026-08-26,RR-0024,2026-08-26,183,6222,1,549
RR-0024-2026-08-27,RR-0024,2026-08-27,28,1820,4,196
RR-0024-2026-08-28,RR-0024,2026-08-28,47,3525,2,188
RR-0024-2026-08-29,RR-0024,2026-08-29,43,2666,2,172
RR-0024-2026-08-30,RR-0024,2026-08-30,189,13797,18,378
RR-0024-2026-08-31,RR-0024,2026-08-31,200,15600,28,1800
RR-0024-2026-09-01,RR-0024,2026-09-01,100,4900,3,1000
RR-0024-2026-09-02,RR-0024,2026-09-02,177,13629,12,354
RR-0024-2026-09-03,RR-0024,2026-09-03,78,4524,3,546
RR-0025-2026-08-05,RR-0025,2026-08-05,158,6952,10,1106
RR-0025-2026-08-06,RR-0025,2026-08-06,234,6084,30,2340
RR-0025-2026-08-07,RR-0025,2026-08-07,119,6426,14,833
RR-0025-2026-08-08,RR-0025,2026-08-08,111,8103,1,333
RR-0025-2026-08-09,RR-0025,2026-08-09,221,7735,5,1326
RR-0025-2026-08-10,RR-0025,2026-08-10,75,3375,6,300
RR-0025-2026-08-11,RR-0025,2026-08-11,177,6372,21,1593
RR-0025-2026-08-12,RR-0025,2026-08-12,119,4641,4,1071
RR-0025-2026-08-13,RR-0025,2026-08-13,61,1830,0,122
RR-0025-2026-08-14,RR-0025,2026-08-14,207,13869,25,2070
RR-0025-2026-08-15,RR-0025,2026-08-15,175,13475,2,1750
RR-0025-2026-08-16,RR-0025,2026-08-16,194,10864,1,582
RR-0025-2026-08-17,RR-0025,2026-08-17,101,6262,8,303
RR-0025-2026-08-18,RR-0025,2026-08-18,259,8029,29,1554
RR-0025-2026-08-19,RR-0025,2026-08-19,165,9900,22,1485
RR-0025-2026-08-20,RR-0025,2026-08-20,86,6708,4,344
RR-0025-2026-08-21,RR-0025,2026-08-21,81,4131,6,243
RR-0025-2026-08-22,RR-0025,2026-08-22,200,10000,27,400
RR-0025-2026-08-23,RR-0025,2026-08-23,108,2808,3,1080
RR-0025-2026-08-24,RR-0025,2026-08-24,144,8496,16,1152
RR-0025-2026-08-25,RR-0025,2026-08-25,199,8159,17,1393
RR-0025-2026-08-26,RR-0025,2026-08-26,140,5180,15,1400
RR-0025-2026-08-27,RR-0025,2026-08-27,209,10241,6,1672
RR-0025-2026-08-28,RR-0025,2026-08-28,96,4224,4,672
RR-0025-2026-08-29,RR-0025,2026-08-29,54,1944,0,270
RR-0025-2026-08-30,RR-0025,2026-08-30,249,17928,26,747
RR-0025-2026-08-31,RR-0025,2026-08-31,75,4575,7,675
RR-0025-2026-09-01,RR-0025,2026-09-01,244,9760,14,2196
RR-0025-2026-09-02,RR-0025,2026-09-02,125,3500,11,625
RR-0025-2026-09-03,RR-0025,2026-09-03,121,8712,11,726
RR-0026-2026-08-05,RR-0026,2026-08-05,197,15760,15,985
RR-0026-2026-08-06,RR-0026,2026-08-06,253,19734,5,759
RR-0026-2026-08-07,RR-0026,2026-08-07,97,6596,9,485
RR-0026-2026-08-08,RR-0026,2026-08-08,240,14640,13,720
RR-0026-2026-08-09,RR-0026,2026-08-09,82,5904,2,328
RR-0026-2026-08-10,RR-0026,2026-08-10,165,13200,15,495
RR-0026-2026-08-11,RR-0026,2026-08-11,164,7216,22,1312
RR-0026-2026-08-12,RR-0026,2026-08-12,72,5472,7,504
RR-0026-2026-08-13,RR-0026,2026-08-13,110,4070,15,220
RR-0026-2026-08-14,RR-0026,2026-08-14,127,8128,11,889
RR-0026-2026-08-15,RR-0026,2026-08-15,112,8400,0,336
RR-0026-2026-08-16,RR-0026,2026-08-16,179,8234,9,537
RR-0026-2026-08-17,RR-0026,2026-08-17,36,1440,1,324
RR-0026-2026-08-18,RR-0026,2026-08-18,189,11529,23,1323
RR-0026-2026-08-19,RR-0026,2026-08-19,50,3800,7,300
RR-0026-2026-08-20,RR-0026,2026-08-20,85,6630,0,170
RR-0026-2026-08-21,RR-0026,2026-08-21,63,3843,3,504
RR-0026-2026-08-22,RR-0026,2026-08-22,182,8008,17,1274
RR-0026-2026-08-23,RR-0026,2026-08-23,158,12640,2,1264
RR-0026-2026-08-24,RR-0026,2026-08-24,139,10842,18,1251
RR-0026-2026-08-25,RR-0026,2026-08-25,174,4350,5,1044
RR-0026-2026-08-26,RR-0026,2026-08-26,122,9760,15,244
RR-0026-2026-08-27,RR-0026,2026-08-27,131,8515,16,1179
RR-0026-2026-08-28,RR-0026,2026-08-28,51,3825,2,459
RR-0026-2026-08-29,RR-0026,2026-08-29,171,10431,2,1368
RR-0026-2026-08-30,RR-0026,2026-08-30,104,4992,12,208
RR-0026-2026-08-31,RR-0026,2026-08-31,161,7889,11,644
RR-0026-2026-09-01,RR-0026,2026-09-01,38,2318,1,342
RR-0026-2026-09-02,RR-0026,2026-09-02,95,3420,13,855
RR-0026-2026-09-03,RR-0026,2026-09-03,5,145,0,30
RR-0027-2026-08-05,RR-0027,2026-08-05,93,3162,5,744
RR-0027-2026-08-06,RR-0027,2026-08-06,257,6682,11,2056
RR-0027-2026-08-07,RR-0027,2026-08-07,110,5830,4,550
RR-0027-2026-08-08,RR-0027,2026-08-08,124,3968,17,1116
RR-0027-2026-08-09,RR-0027,2026-08-09,237,12324,2,948
RR-0027-2026-08-10,RR-0027,2026-08-10,227,12485,2,1362
RR-0027-2026-08-11,RR-0027,2026-08-11,169,4901,7,1352
RR-0027-2026-08-12,RR-0027,2026-08-12,159,10971,22,795
RR-0027-2026-08-13,RR-0027,2026-08-13,64,2240,0,192
RR-0027-2026-08-14,RR-0027,2026-08-14,234,8892,20,2106
RR-0027-2026-08-15,RR-0027,2026-08-15,212,7208,2,636
RR-0027-2026-08-16,RR-0027,2026-08-16,248,18104,14,2232
RR-0027-2026-08-17,RR-0027,2026-08-17,61,2440,2,610
RR-0027-2026-08-18,RR-0027,2026-08-18,232,10440,23,696
RR-0027-2026-08-19,RR-0027,2026-08-19,208,13104,26,1456
RR-0027-2026-08-20,RR-0027,2026-08-20,203,15225,4,812
RR-0027-2026-08-21,RR-0027,2026-08-21,53,3127,0,530
RR-0027-2026-08-22,RR-0027,2026-08-22,84,3696,9,252
RR-0027-2026-08-23,RR-0027,2026-08-23,214,8988,26,1712
RR-0027-2026-08-24,RR-0027,2026-08-24,60,3900,1,420
RR-0027-2026-08-25,RR-0027,2026-08-25,125,4750,8,625
RR-0027-2026-08-26,RR-0027,2026-08-26,253,17963,31,1265
RR-0027-2026-08-27,RR-0027,2026-08-27,172,4472,17,1032
RR-0027-2026-08-28,RR-0027,2026-08-28,255,10200,29,2295
RR-0027-2026-08-29,RR-0027,2026-08-29,241,10845,21,1928
RR-0027-2026-08-30,RR-0027,2026-08-30,105,7560,11,630
RR-0027-2026-08-31,RR-0027,2026-08-31,168,5208,18,1008
RR-0027-2026-09-01,RR-0027,2026-09-01,250,8500,18,750
RR-0027-2026-09-02,RR-0027,2026-09-02,228,5700,18,1140
RR-0027-2026-09-03,RR-0027,2026-09-03,86,3870,5,774
RR-0028-2026-08-05,RR-0028,2026-08-05,79,4503,0,474
RR-0028-2026-08-06,RR-0028,2026-08-06,54,1350,1,486
RR-0028-2026-08-07,RR-0028,2026-08-07,142,3550,3,568
RR-0028-2026-08-08,RR-0028,2026-08-08,59,4543,4,118
RR-0028-2026-08-09,RR-0028,2026-08-09,115,7130,16,1150
RR-0028-2026-08-10,RR-0028,2026-08-10,168,10080,15,1344
RR-0028-2026-08-11,RR-0028,2026-08-11,156,6708,18,936
RR-0028-2026-08-12,RR-0028,2026-08-12,102,4182,8,918
RR-0028-2026-08-13,RR-0028,2026-08-13,178,12994,5,1068
RR-0028-2026-08-14,RR-0028,2026-08-14,216,16848,18,2160
RR-0028-2026-08-15,RR-0028,2026-08-15,55,2035,7,220
RR-0028-2026-08-16,RR-0028,2026-08-16,43,3010,3,301
RR-0028-2026-08-17,RR-0028,2026-08-17,96,3648,4,960
RR-0028-2026-08-18,RR-0028,2026-08-18,111,8880,8,888
RR-0028-2026-08-19,RR-0028,2026-08-19,5,360,3,20
RR-0028-2026-08-20,RR-0028,2026-08-20,196,6860,10,1372
RR-0028-2026-08-21,RR-0028,2026-08-21,39,2496,3,195
RR-0028-2026-08-22,RR-0028,2026-08-22,205,5330,29,1025
RR-0028-2026-08-23,RR-0028,2026-08-23,63,1764,5,378
RR-0028-2026-08-24,RR-0028,2026-08-24,85,4080,2,510
RR-0028-2026-08-25,RR-0028,2026-08-25,160,9280,22,1440
RR-0028-2026-08-26,RR-0028,2026-08-26,131,6026,3,786
RR-0028-2026-08-27,RR-0028,2026-08-27,128,9984,12,1280
RR-0028-2026-08-28,RR-0028,2026-08-28,108,3240,15,1080
RR-0028-2026-08-29,RR-0028,2026-08-29,5,385,0,15
RR-0028-2026-08-30,RR-0028,2026-08-30,55,1595,2,550
RR-0028-2026-08-31,RR-0028,2026-08-31,109,3052,0,763
RR-0028-2026-09-01,RR-0028,2026-09-01,127,3429,2,1143
RR-0028-2026-09-02,RR-0028,2026-09-02,133,9177,5,665
RR-0028-2026-09-03,RR-0028,2026-09-03,84,2268,9,252
RR-0029-2026-08-05,RR-0029,2026-08-05,159,6042,5,318
RR-0029-2026-08-06,RR-0029,2026-08-06,195,5460,27,975
RR-0029-2026-08-07,RR-0029,2026-08-07,126,4536,14,504
RR-0029-2026-08-08,RR-0029,2026-08-08,196,13132,2,1176
RR-0029-2026-08-09,RR-0029,2026-08-09,121,8107,13,363
RR-0029-2026-08-10,RR-0029,2026-08-10,189,13041,5,756
RR-0029-2026-08-11,RR-0029,2026-08-11,180,10980,21,1440
RR-0029-2026-08-12,RR-0029,2026-08-12,94,2726,11,658
RR-0029-2026-08-13,RR-0029,2026-08-13,202,8080,8,808
RR-0029-2026-08-14,RR-0029,2026-08-14,181,12308,25,1810
RR-0029-2026-08-15,RR-0029,2026-08-15,72,2160,1,288
RR-0029-2026-08-16,RR-0029,2026-08-16,129,4128,3,387
RR-0029-2026-08-17,RR-0029,2026-08-17,184,5152,15,368
RR-0029-2026-08-18,RR-0029,2026-08-18,201,12261,13,2010
RR-0029-2026-08-19,RR-0029,2026-08-19,234,12402,12,936
RR-0029-2026-08-20,RR-0029,2026-08-20,63,3717,5,189
RR-0029-2026-08-21,RR-0029,2026-08-21,104,7176,3,312
RR-0029-2026-08-22,RR-0029,2026-08-22,255,15555,4,2040
RR-0029-2026-08-23,RR-0029,2026-08-23,111,7215,12,999
RR-0029-2026-08-24,RR-0029,2026-08-24,110,3850,1,440
RR-0029-2026-08-25,RR-0029,2026-08-25,245,18130,16,735
RR-0029-2026-08-26,RR-0029,2026-08-26,164,10004,3,1476
RR-0029-2026-08-27,RR-0029,2026-08-27,182,8190,11,728
RR-0029-2026-08-28,RR-0029,2026-08-28,187,7106,18,374
RR-0029-2026-08-29,RR-0029,2026-08-29,204,15708,21,1632
RR-0029-2026-08-30,RR-0029,2026-08-30,174,10440,5,1044
RR-0029-2026-08-31,RR-0029,2026-08-31,227,18160,5,1589
RR-0029-2026-09-01,RR-0029,2026-09-01,207,11178,19,1863
RR-0029-2026-09-02,RR-0029,2026-09-02,162,5670,2,648
RR-0029-2026-09-03,RR-0029,2026-09-03,169,13013,13,1352
RR-0030-2026-08-05,RR-0030,2026-08-05,233,9553,0,1165
RR-0030-2026-08-06,RR-0030,2026-08-06,146,8906,17,292
RR-0030-2026-08-07,RR-0030,2026-08-07,250,18500,5,500
RR-0030-2026-08-08,RR-0030,2026-08-08,79,2212,5,316
RR-0030-2026-08-09,RR-0030,2026-08-09,88,4312,10,616
RR-0030-2026-08-10,RR-0030,2026-08-10,214,5992,10,856
RR-0030-2026-08-11,RR-0030,2026-08-11,152,5472,2,304
RR-0030-2026-08-12,RR-0030,2026-08-12,241,9399,27,1928
RR-0030-2026-08-13,RR-0030,2026-08-13,118,7552,13,708
RR-0030-2026-08-14,RR-0030,2026-08-14,249,8217,18,2241
RR-0030-2026-08-15,RR-0030,2026-08-15,168,7056,2,1512
RR-0030-2026-08-16,RR-0030,2026-08-16,192,6912,5,1152
RR-0030-2026-08-17,RR-0030,2026-08-17,110,4730,8,880
RR-0030-2026-08-18,RR-0030,2026-08-18,88,6600,4,176
RR-0030-2026-08-19,RR-0030,2026-08-19,252,15624,21,1008
RR-0030-2026-08-20,RR-0030,2026-08-20,158,4740,19,632
RR-0030-2026-08-21,RR-0030,2026-08-21,115,8165,9,920
RR-0030-2026-08-22,RR-0030,2026-08-22,69,2208,6,414
RR-0030-2026-08-23,RR-0030,2026-08-23,73,4599,2,219
RR-0030-2026-08-24,RR-0030,2026-08-24,69,4278,9,621
RR-0030-2026-08-25,RR-0030,2026-08-25,138,9108,0,966
RR-0030-2026-08-26,RR-0030,2026-08-26,140,6300,9,700
RR-0030-2026-08-27,RR-0030,2026-08-27,141,7473,3,1410
RR-0030-2026-08-28,RR-0030,2026-08-28,132,9372,8,660
RR-0030-2026-08-29,RR-0030,2026-08-29,132,9240,17,528
RR-0030-2026-08-30,RR-0030,2026-08-30,54,4050,5,162
RR-0030-2026-08-31,RR-0030,2026-08-31,111,6771,6,333
RR-0030-2026-09-01,RR-0030,2026-09-01,174,10788,10,1218
RR-0030-2026-09-02,RR-0030,2026-09-02,110,5500,13,220
RR-0030-2026-09-03,RR-0030,2026-09-03,136,9112,18,408
RR-0031-2026-08-05,RR-0031,2026-08-05,214,8132,4,856
RR-0031-2026-08-06,RR-0031,2026-08-06,133,4123,12,665
RR-0031-2026-08-07,RR-0031,2026-08-07,197,15366,9,1773
RR-0031-2026-08-08,RR-0031,2026-08-08,140,7700,12,420
RR-0031-2026-08-09,RR-0031,2026-08-09,155,9300,21,465
RR-0031-2026-08-10,RR-0031,2026-08-10,163,9617,3,1630
RR-0031-2026-08-11,RR-0031,2026-08-11,147,10143,12,441
RR-0031-2026-08-12,RR-0031,2026-08-12,201,12261,24,1206
RR-0031-2026-08-13,RR-0031,2026-08-13,255,18870,3,2550
RR-0031-2026-08-14,RR-0031,2026-08-14,165,7095,16,1320
RR-0031-2026-08-15,RR-0031,2026-08-15,204,12240,9,1836
RR-0031-2026-08-16,RR-0031,2026-08-16,74,3922,3,222
RR-0031-2026-08-17,RR-0031,2026-08-17,67,1675,1,536
RR-0031-2026-08-18,RR-0031,2026-08-18,168,12264,1,1008
RR-0031-2026-08-19,RR-0031,2026-08-19,49,2205,0,294
RR-0031-2026-08-20,RR-0031,2026-08-20,204,16320,18,1836
RR-0031-2026-08-21,RR-0031,2026-08-21,107,6741,15,749
RR-0031-2026-08-22,RR-0031,2026-08-22,195,8385,4,1755
RR-0031-2026-08-23,RR-0031,2026-08-23,78,1950,7,156
RR-0031-2026-08-24,RR-0031,2026-08-24,110,5610,7,550
RR-0031-2026-08-25,RR-0031,2026-08-25,210,15960,11,1680
RR-0031-2026-08-26,RR-0031,2026-08-26,106,4028,7,212
RR-0031-2026-08-27,RR-0031,2026-08-27,67,3082,2,201
RR-0031-2026-08-28,RR-0031,2026-08-28,125,5875,2,1250
RR-0031-2026-08-29,RR-0031,2026-08-29,99,7128,3,495
RR-0031-2026-08-30,RR-0031,2026-08-30,177,6195,22,885
RR-0031-2026-08-31,RR-0031,2026-08-31,225,17100,28,1350
RR-0031-2026-09-01,RR-0031,2026-09-01,140,10220,18,560
RR-0031-2026-09-02,RR-0031,2026-09-02,80,2000,4,320
RR-0031-2026-09-03,RR-0031,2026-09-03,158,12324,22,474
RR-0032-2026-08-05,RR-0032,2026-08-05,240,15840,4,1440
RR-0032-2026-08-06,RR-0032,2026-08-06,85,4080,3,425
RR-0032-2026-08-07,RR-0032,2026-08-07,206,8858,21,2060
RR-0032-2026-08-08,RR-0032,2026-08-08,101,5252,3,303
RR-0032-2026-08-09,RR-0032,2026-08-09,54,3942,3,486
RR-0032-2026-08-10,RR-0032,2026-08-10,56,2352,6,336
RR-0032-2026-08-11,RR-0032,2026-08-11,50,3250,3,350
RR-0032-2026-08-12,RR-0032,2026-08-12,197,10638,22,1182
RR-0032-2026-08-13,RR-0032,2026-08-13,212,12508,21,1696
RR-0032-2026-08-14,RR-0032,2026-08-14,143,8437,0,572
RR-0032-2026-08-15,RR-0032,2026-08-15,206,9682,9,412
RR-0032-2026-08-16,RR-0032,2026-08-16,184,5152,20,1472
RR-0032-2026-08-17,RR-0032,2026-08-17,23,897,2,207
RR-0032-2026-08-18,RR-0032,2026-08-18,143,8294,17,572
RR-0032-2026-08-19,RR-0032,2026-08-19,181,5611,12,1267
RR-0032-2026-08-20,RR-0032,2026-08-20,43,1204,4,86
RR-0032-2026-08-21,RR-0032,2026-08-21,5,165,2,35
RR-0032-2026-08-22,RR-0032,2026-08-22,76,3876,1,532
RR-0032-2026-08-23,RR-0032,2026-08-23,147,11319,11,441
RR-0032-2026-08-24,RR-0032,2026-08-24,86,3870,11,688
RR-0032-2026-08-25,RR-0032,2026-08-25,120,5160,8,840
RR-0032-2026-08-26,RR-0032,2026-08-26,119,4165,4,238
RR-0032-2026-08-27,RR-0032,2026-08-27,202,8080,23,1616
RR-0032-2026-08-28,RR-0032,2026-08-28,173,8304,11,346
RR-0032-2026-08-29,RR-0032,2026-08-29,96,2688,2,192
RR-0032-2026-08-30,RR-0032,2026-08-30,129,9804,18,645
RR-0032-2026-08-31,RR-0032,2026-08-31,101,6363,4,303
RR-0032-2026-09-01,RR-0032,2026-09-01,199,6567,17,1791
RR-0032-2026-09-02,RR-0032,2026-09-02,206,10918,27,412
RR-0032-2026-09-03,RR-0032,2026-09-03,163,8476,0,1141
RR-0033-2026-08-05,RR-0033,2026-08-05,204,8772,13,1632
RR-0033-2026-08-06,RR-0033,2026-08-06,98,6762,14,882
RR-0033-2026-08-07,RR-0033,2026-08-07,56,2520,3,448
RR-0033-2026-08-08,RR-0033,2026-08-08,75,5850,1,225
RR-0033-2026-08-09,RR-0033,2026-08-09,178,8722,9,356
RR-0033-2026-08-10,RR-0033,2026-08-10,188,13348,4,1504
RR-0033-2026-08-11,RR-0033,2026-08-11,178,12816,2,1246
RR-0033-2026-08-12,RR-0033,2026-08-12,152,10640,15,1064
RR-0033-2026-08-13,RR-0033,2026-08-13,117,3978,9,468
RR-0033-2026-08-14,RR-0033,2026-08-14,128,5248,14,768
RR-0033-2026-08-15,RR-0033,2026-08-15,105,3885,11,420
RR-0033-2026-08-16,RR-0033,2026-08-16,251,18574,24,2510
RR-0033-2026-08-17,RR-0033,2026-08-17,195,8580,5,585
RR-0033-2026-08-18,RR-0033,2026-08-18,58,1740,7,464
RR-0033-2026-08-19,RR-0033,2026-08-19,231,14091,13,1848
RR-0033-2026-08-20,RR-0033,2026-08-20,182,13286,18,1638
RR-0033-2026-08-21,RR-0033,2026-08-21,193,5211,26,1158
RR-0033-2026-08-22,RR-0033,2026-08-22,160,4800,22,800
RR-0033-2026-08-23,RR-0033,2026-08-23,238,13090,21,1190
RR-0033-2026-08-24,RR-0033,2026-08-24,175,6475,2,875
RR-0033-2026-08-25,RR-0033,2026-08-25,84,4872,3,252
RR-0033-2026-08-26,RR-0033,2026-08-26,171,8208,18,1710
RR-0033-2026-08-27,RR-0033,2026-08-27,129,4902,14,1290
RR-0033-2026-08-28,RR-0033,2026-08-28,213,10863,16,852
RR-0033-2026-08-29,RR-0033,2026-08-29,234,18720,10,702
RR-0033-2026-08-30,RR-0033,2026-08-30,73,1825,3,657
RR-0033-2026-08-31,RR-0033,2026-08-31,84,4284,11,252
RR-0033-2026-09-01,RR-0033,2026-09-01,220,8800,20,1100
RR-0033-2026-09-02,RR-0033,2026-09-02,165,9570,19,825
RR-0033-2026-09-03,RR-0033,2026-09-03,216,10584,24,432
RR-0034-2026-08-05,RR-0034,2026-08-05,186,5952,25,1302
RR-0034-2026-08-06,RR-0034,2026-08-06,180,4860,20,540
RR-0034-2026-08-07,RR-0034,2026-08-07,47,2773,4,141
RR-0034-2026-08-08,RR-0034,2026-08-08,51,1581,5,153
RR-0034-2026-08-09,RR-0034,2026-08-09,182,10920,2,910
RR-0034-2026-08-10,RR-0034,2026-08-10,110,6820,4,660
RR-0034-2026-08-11,RR-0034,2026-08-11,134,7236,16,1072
RR-0034-2026-08-12,RR-0034,2026-08-12,101,3131,10,909
RR-0034-2026-08-13,RR-0034,2026-08-13,220,11220,10,2200
RR-0034-2026-08-14,RR-0034,2026-08-14,234,12168,32,468
RR-0034-2026-08-15,RR-0034,2026-08-15,75,4500,0,375
RR-0034-2026-08-16,RR-0034,2026-08-16,218,14170,21,1526
RR-0034-2026-08-17,RR-0034,2026-08-17,196,13328,11,1176
RR-0034-2026-08-18,RR-0034,2026-08-18,65,4160,2,585
RR-0034-2026-08-19,RR-0034,2026-08-19,257,17219,32,771
RR-0034-2026-08-20,RR-0034,2026-08-20,180,9360,4,1080
RR-0034-2026-08-21,RR-0034,2026-08-21,222,13986,23,1332
RR-0034-2026-08-22,RR-0034,2026-08-22,68,4352,9,544
RR-0034-2026-08-23,RR-0034,2026-08-23,222,15096,7,444
RR-0034-2026-08-24,RR-0034,2026-08-24,63,3717,9,315
RR-0034-2026-08-25,RR-0034,2026-08-25,167,12358,14,1169
RR-0034-2026-08-26,RR-0034,2026-08-26,88,5632,4,880
RR-0034-2026-08-27,RR-0034,2026-08-27,47,2491,0,188
RR-0034-2026-08-28,RR-0034,2026-08-28,166,10790,17,332
RR-0034-2026-08-29,RR-0034,2026-08-29,178,9968,25,890
RR-0034-2026-08-30,RR-0034,2026-08-30,94,2726,1,940
RR-0034-2026-08-31,RR-0034,2026-08-31,198,8316,0,1782
RR-0034-2026-09-01,RR-0034,2026-09-01,108,3348,15,1080
RR-0034-2026-09-02,RR-0034,2026-09-02,97,6693,12,679
RR-0034-2026-09-03,RR-0034,2026-09-03,156,11076,6,1404
RR-0035-2026-08-05,RR-0035,2026-08-05,105,6195,13,420
RR-0035-2026-08-06,RR-0035,2026-08-06,156,9360,7,468
RR-0035-2026-08-07,RR-0035,2026-08-07,243,16038,11,2430
RR-0035-2026-08-08,RR-0035,2026-08-08,71,5254,4,639
RR-0035-2026-08-09,RR-0035,2026-08-09,198,14256,27,1584
RR-0035-2026-08-10,RR-0035,2026-08-10,99,5445,4,990
RR-0035-2026-08-11,RR-0035,2026-08-11,96,2784,9,384
RR-0035-2026-08-12,RR-0035,2026-08-12,64,3776,6,512
RR-0035-2026-08-13,RR-0035,2026-08-13,84,2436,7,336
RR-0035-2026-08-14,RR-0035,2026-08-14,254,11938,5,508
RR-0035-2026-08-15,RR-0035,2026-08-15,94,4230,12,940
RR-0035-2026-08-16,RR-0035,2026-08-16,49,2940,3,245
RR-0035-2026-08-17,RR-0035,2026-08-17,145,7685,16,1305
RR-0035-2026-08-18,RR-0035,2026-08-18,134,9246,9,536
RR-0035-2026-08-19,RR-0035,2026-08-19,79,4108,3,395
RR-0035-2026-08-20,RR-0035,2026-08-20,170,5440,10,340
RR-0035-2026-08-21,RR-0035,2026-08-21,100,3500,9,300
RR-0035-2026-08-22,RR-0035,2026-08-22,61,4880,7,244
RR-0035-2026-08-23,RR-0035,2026-08-23,60,2220,8,480
RR-0035-2026-08-24,RR-0035,2026-08-24,117,3627,8,702
RR-0035-2026-08-25,RR-0035,2026-08-25,57,2337,3,570
RR-0035-2026-08-26,RR-0035,2026-08-26,250,12500,23,1750
RR-0035-2026-08-27,RR-0035,2026-08-27,248,17112,4,2232
RR-0035-2026-08-28,RR-0035,2026-08-28,128,8448,1,768
RR-0035-2026-08-29,RR-0035,2026-08-29,53,2809,2,265
RR-0035-2026-08-30,RR-0035,2026-08-30,226,18080,17,1808
RR-0035-2026-08-31,RR-0035,2026-08-31,176,9856,15,1408
RR-0035-2026-09-01,RR-0035,2026-09-01,257,7710,36,2313
RR-0035-2026-09-02,RR-0035,2026-09-02,66,3036,7,594
RR-0035-2026-09-03,RR-0035,2026-09-03,246,15744,35,492
RR-0036-2026-08-05,RR-0036,2026-08-05,238,14756,4,1666
RR-0036-2026-08-06,RR-0036,2026-08-06,185,14430,23,740
RR-0036-2026-08-07,RR-0036,2026-08-07,146,10512,8,584
RR-0036-2026-08-08,RR-0036,2026-08-08,121,3267,0,242
RR-0036-2026-08-09,RR-0036,2026-08-09,207,5796,7,1242
RR-0036-2026-08-10,RR-0036,2026-08-10,128,3968,14,384
RR-0036-2026-08-11,RR-0036,2026-08-11,77,2156,10,616
RR-0036-2026-08-12,RR-0036,2026-08-12,247,19019,0,988
RR-0036-2026-08-13,RR-0036,2026-08-13,255,9690,14,1020
RR-0036-2026-08-14,RR-0036,2026-08-14,248,11160,31,992
RR-0036-2026-08-15,RR-0036,2026-08-15,88,2728,3,264
RR-0036-2026-08-16,RR-0036,2026-08-16,149,4321,17,447
RR-0036-2026-08-17,RR-0036,2026-08-17,232,15312,23,928
RR-0036-2026-08-18,RR-0036,2026-08-18,128,5760,18,1152
RR-0036-2026-08-19,RR-0036,2026-08-19,255,11220,30,1020
RR-0036-2026-08-20,RR-0036,2026-08-20,186,11532,18,930
RR-0036-2026-08-21,RR-0036,2026-08-21,131,5502,4,1179
RR-0036-2026-08-22,RR-0036,2026-08-22,191,14516,26,382
RR-0036-2026-08-23,RR-0036,2026-08-23,155,12400,11,1550
RR-0036-2026-08-24,RR-0036,2026-08-24,218,10028,26,1744
RR-0036-2026-08-25,RR-0036,2026-08-25,143,3861,4,1001
RR-0036-2026-08-26,RR-0036,2026-08-26,53,2226,5,318
RR-0036-2026-08-27,RR-0036,2026-08-27,234,17784,30,468
RR-0036-2026-08-28,RR-0036,2026-08-28,53,1590,1,318
RR-0036-2026-08-29,RR-0036,2026-08-29,179,13246,21,1253
RR-0036-2026-08-30,RR-0036,2026-08-30,90,4860,12,720
RR-0036-2026-08-31,RR-0036,2026-08-31,233,18407,7,2330
RR-0036-2026-09-01,RR-0036,2026-09-01,163,12551,6,1467
RR-0036-2026-09-02,RR-0036,2026-09-02,216,5616,30,864
RR-0036-2026-09-03,RR-0036,2026-09-03,220,13640,17,440
RR-0037-2026-08-05,RR-0037,2026-08-05,183,13176,11,1464
RR-0037-2026-08-06,RR-0037,2026-08-06,97,4850,13,194
RR-0037-2026-08-07,RR-0037,2026-08-07,239,10516,17,1673
RR-0037-2026-08-08,RR-0037,2026-08-08,150,4800,16,1500
RR-0037-2026-08-09,RR-0037,2026-08-09,133,9842,11,1064
RR-0037-2026-08-10,RR-0037,2026-08-10,76,4180,7,380
RR-0037-2026-08-11,RR-0037,2026-08-11,77,2849,0,308
RR-0037-2026-08-12,RR-0037,2026-08-12,169,9971,16,507
RR-0037-2026-08-13,RR-0037,2026-08-13,114,8778,9,228
RR-0037-2026-08-14,RR-0037,2026-08-14,19,551,1,95
RR-0037-2026-08-15,RR-0037,2026-08-15,219,14673,5,1971
RR-0037-2026-08-16,RR-0037,2026-08-16,79,1975,6,395
RR-0037-2026-08-17,RR-0037,2026-08-17,196,5684,26,980
RR-0037-2026-08-18,RR-0037,2026-08-18,124,3844,12,372
RR-0037-2026-08-19,RR-0037,2026-08-19,216,15768,11,1080
RR-0037-2026-08-20,RR-0037,2026-08-20,5,310,3,35
RR-0037-2026-08-21,RR-0037,2026-08-21,220,12540,1,1320
RR-0037-2026-08-22,RR-0037,2026-08-22,16,1152,3,48
RR-0037-2026-08-23,RR-0037,2026-08-23,17,1173,2,51
RR-0037-2026-08-24,RR-0037,2026-08-24,128,9984,4,384
RR-0037-2026-08-25,RR-0037,2026-08-25,157,8164,12,1413
RR-0037-2026-08-26,RR-0037,2026-08-26,207,7038,22,1035
RR-0037-2026-08-27,RR-0037,2026-08-27,188,9588,11,940
RR-0037-2026-08-28,RR-0037,2026-08-28,133,8911,14,399
RR-0037-2026-08-29,RR-0037,2026-08-29,5,130,2,15
RR-0037-2026-08-30,RR-0037,2026-08-30,54,4158,1,378
RR-0037-2026-08-31,RR-0037,2026-08-31,26,1716,0,130
RR-0037-2026-09-01,RR-0037,2026-09-01,144,9648,3,864
RR-0037-2026-09-02,RR-0037,2026-09-02,23,1012,0,138
RR-0037-2026-09-03,RR-0037,2026-09-03,84,6132,7,504
RR-0038-2026-08-05,RR-0038,2026-08-05,76,4864,9,304
RR-0038-2026-08-06,RR-0038,2026-08-06,181,9955,20,905
RR-0038-2026-08-07,RR-0038,2026-08-07,214,9416,7,2140
RR-0038-2026-08-08,RR-0038,2026-08-08,170,11730,1,510
RR-0038-2026-08-09,RR-0038,2026-08-09,46,2622,4,368
RR-0038-2026-08-10,RR-0038,2026-08-10,161,6923,12,483
RR-0038-2026-08-11,RR-0038,2026-08-11,141,11139,19,846
RR-0038-2026-08-12,RR-0038,2026-08-12,230,12650,26,1840
RR-0038-2026-08-13,RR-0038,2026-08-13,52,3432,6,468
RR-0038-2026-08-14,RR-0038,2026-08-14,193,11966,20,386
RR-0038-2026-08-15,RR-0038,2026-08-15,200,9000,18,1600
RR-0038-2026-08-16,RR-0038,2026-08-16,122,4392,12,1220
RR-0038-2026-08-17,RR-0038,2026-08-17,209,8987,27,1045
RR-0038-2026-08-18,RR-0038,2026-08-18,251,11295,10,1506
RR-0038-2026-08-19,RR-0038,2026-08-19,208,7696,29,416
RR-0038-2026-08-20,RR-0038,2026-08-20,45,2160,3,180
RR-0038-2026-08-21,RR-0038,2026-08-21,219,10950,29,1314
RR-0038-2026-08-22,RR-0038,2026-08-22,215,9460,29,1290
RR-0038-2026-08-23,RR-0038,2026-08-23,138,5796,13,966
RR-0038-2026-08-24,RR-0038,2026-08-24,204,5304,24,408
RR-0038-2026-08-25,RR-0038,2026-08-25,256,10240,4,2560
RR-0038-2026-08-26,RR-0038,2026-08-26,226,11300,23,904
RR-0038-2026-08-27,RR-0038,2026-08-27,192,5952,8,1920
RR-0038-2026-08-28,RR-0038,2026-08-28,163,12714,6,326
RR-0038-2026-08-29,RR-0038,2026-08-29,131,6943,13,524
RR-0038-2026-08-30,RR-0038,2026-08-30,53,3975,7,212
RR-0038-2026-08-31,RR-0038,2026-08-31,75,1875,4,750
RR-0038-2026-09-01,RR-0038,2026-09-01,222,17316,18,1554
RR-0038-2026-09-02,RR-0038,2026-09-02,145,8555,11,1450
RR-0038-2026-09-03,RR-0038,2026-09-03,197,8668,19,985
RR-0039-2026-08-05,RR-0039,2026-08-05,131,7598,3,786
RR-0039-2026-08-06,RR-0039,2026-08-06,208,9568,1,416
RR-0039-2026-08-07,RR-0039,2026-08-07,192,15168,7,1344
RR-0039-2026-08-08,RR-0039,2026-08-08,61,2013,6,488
RR-0039-2026-08-09,RR-0039,2026-08-09,142,6958,20,1278
RR-0039-2026-08-10,RR-0039,2026-08-10,201,13065,26,1809
RR-0039-2026-08-11,RR-0039,2026-08-11,35,2170,0,175
RR-0039-2026-08-12,RR-0039,2026-08-12,23,1288,1,138
RR-0039-2026-08-13,RR-0039,2026-08-13,149,8046,8,596
RR-0039-2026-08-14,RR-0039,2026-08-14,99,7227,11,198
RR-0039-2026-08-15,RR-0039,2026-08-15,200,15600,10,1000
RR-0039-2026-08-16,RR-0039,2026-08-16,160,9760,0,800
RR-0039-2026-08-17,RR-0039,2026-08-17,163,9780,0,815
RR-0039-2026-08-18,RR-0039,2026-08-18,190,5510,5,1140
RR-0039-2026-08-19,RR-0039,2026-08-19,47,2397,2,282
RR-0039-2026-08-20,RR-0039,2026-08-20,14,882,3,42
RR-0039-2026-08-21,RR-0039,2026-08-21,85,2550,3,595
RR-0039-2026-08-22,RR-0039,2026-08-22,210,9450,6,1470
RR-0039-2026-08-23,RR-0039,2026-08-23,102,4896,13,204
RR-0039-2026-08-24,RR-0039,2026-08-24,233,12116,6,1398
RR-0039-2026-08-25,RR-0039,2026-08-25,195,13455,27,1365
RR-0039-2026-08-26,RR-0039,2026-08-26,102,5712,10,918
RR-0039-2026-08-27,RR-0039,2026-08-27,126,6678,15,756
RR-0039-2026-08-28,RR-0039,2026-08-28,63,5040,2,126
RR-0039-2026-08-29,RR-0039,2026-08-29,136,6800,18,1088
RR-0039-2026-08-30,RR-0039,2026-08-30,167,9185,19,668
RR-0039-2026-08-31,RR-0039,2026-08-31,50,1400,6,450
RR-0039-2026-09-01,RR-0039,2026-09-01,26,1274,2,104
RR-0039-2026-09-02,RR-0039,2026-09-02,18,738,3,126
RR-0039-2026-09-03,RR-0039,2026-09-03,120,9360,11,360
RR-0040-2026-08-05,RR-0040,2026-08-05,49,3724,5,294
RR-0040-2026-08-06,RR-0040,2026-08-06,110,5830,8,770
RR-0040-2026-08-07,RR-0040,2026-08-07,233,15611,18,932
RR-0040-2026-08-08,RR-0040,2026-08-08,224,14336,27,1792
RR-0040-2026-08-09,RR-0040,2026-08-09,87,5481,2,870
RR-0040-2026-08-10,RR-0040,2026-08-10,144,11232,1,1440
RR-0040-2026-08-11,RR-0040,2026-08-11,170,6120,10,680
RR-0040-2026-08-12,RR-0040,2026-08-12,241,11568,26,1687
RR-0040-2026-08-13,RR-0040,2026-08-13,98,5488,10,392
RR-0040-2026-08-14,RR-0040,2026-08-14,255,12750,29,765
RR-0040-2026-08-15,RR-0040,2026-08-15,117,8190,16,234
RR-0040-2026-08-16,RR-0040,2026-08-16,252,15372,17,2520
RR-0040-2026-08-17,RR-0040,2026-08-17,67,2412,7,402
RR-0040-2026-08-18,RR-0040,2026-08-18,188,6580,20,1316
RR-0040-2026-08-19,RR-0040,2026-08-19,96,2592,2,384
RR-0040-2026-08-20,RR-0040,2026-08-20,45,3330,4,405
RR-0040-2026-08-21,RR-0040,2026-08-21,202,5454,12,606
RR-0040-2026-08-22,RR-0040,2026-08-22,122,8784,4,1220
RR-0040-2026-08-23,RR-0040,2026-08-23,231,17325,6,1848
RR-0040-2026-08-24,RR-0040,2026-08-24,251,14558,2,502
RR-0040-2026-08-25,RR-0040,2026-08-25,219,16863,18,876
RR-0040-2026-08-26,RR-0040,2026-08-26,198,9900,12,1980
RR-0040-2026-08-27,RR-0040,2026-08-27,165,4455,13,825
RR-0040-2026-08-28,RR-0040,2026-08-28,127,6731,5,1016
RR-0040-2026-08-29,RR-0040,2026-08-29,98,3822,0,392
RR-0040-2026-08-30,RR-0040,2026-08-30,199,4975,9,1393
RR-0040-2026-08-31,RR-0040,2026-08-31,129,9675,17,258
RR-0040-2026-09-01,RR-0040,2026-09-01,219,12921,11,438
RR-0040-2026-09-02,RR-0040,2026-09-02,177,4602,18,1416
RR-0040-2026-09-03,RR-0040,2026-09-03,61,4880,6,122
RR-0041-2026-08-05,RR-0041,2026-08-05,192,10368,11,576
RR-0041-2026-08-06,RR-0041,2026-08-06,94,4982,9,282
RR-0041-2026-08-07,RR-0041,2026-08-07,56,2240,4,392
RR-0041-2026-08-08,RR-0041,2026-08-08,172,10492,2,1376
RR-0041-2026-08-09,RR-0041,2026-08-09,155,4650,19,930
RR-0041-2026-08-10,RR-0041,2026-08-10,104,4368,13,520
RR-0041-2026-08-11,RR-0041,2026-08-11,193,10036,0,1930
RR-0041-2026-08-12,RR-0041,2026-08-12,173,10899,9,1384
RR-0041-2026-08-13,RR-0041,2026-08-13,158,6794,15,948
RR-0041-2026-08-14,RR-0041,2026-08-14,213,16827,30,1491
RR-0041-2026-08-15,RR-0041,2026-08-15,113,3729,8,1017
RR-0041-2026-08-16,RR-0041,2026-08-16,144,11520,11,1296
RR-0041-2026-08-17,RR-0041,2026-08-17,162,8586,2,324
RR-0041-2026-08-18,RR-0041,2026-08-18,107,7811,4,214
RR-0041-2026-08-19,RR-0041,2026-08-19,112,7616,6,560
RR-0041-2026-08-20,RR-0041,2026-08-20,58,3422,8,174
RR-0041-2026-08-21,RR-0041,2026-08-21,121,7018,4,847
RR-0041-2026-08-22,RR-0041,2026-08-22,230,13570,23,690
RR-0041-2026-08-23,RR-0041,2026-08-23,21,1176,1,147
RR-0041-2026-08-24,RR-0041,2026-08-24,62,2356,5,558
RR-0041-2026-08-25,RR-0041,2026-08-25,144,4176,12,720
RR-0041-2026-08-26,RR-0041,2026-08-26,49,3136,0,294
RR-0041-2026-08-27,RR-0041,2026-08-27,11,748,2,77
RR-0041-2026-08-28,RR-0041,2026-08-28,132,8712,0,528
RR-0041-2026-08-29,RR-0041,2026-08-29,119,4760,6,1071
RR-0041-2026-08-30,RR-0041,2026-08-30,117,6201,11,234
RR-0041-2026-08-31,RR-0041,2026-08-31,85,3995,2,255
RR-0041-2026-09-01,RR-0041,2026-09-01,5,160,3,30
RR-0041-2026-09-02,RR-0041,2026-09-02,171,9405,14,1197
RR-0041-2026-09-03,RR-0041,2026-09-03,120,9000,9,1200
RR-0042-2026-08-05,RR-0042,2026-08-05,110,2750,2,990
RR-0042-2026-08-06,RR-0042,2026-08-06,230,13570,13,920
RR-0042-2026-08-07,RR-0042,2026-08-07,174,10092,15,1218
RR-0042-2026-08-08,RR-0042,2026-08-08,69,5520,3,552
RR-0042-2026-08-09,RR-0042,2026-08-09,231,9471,29,2310
RR-0042-2026-08-10,RR-0042,2026-08-10,121,4598,3,968
RR-0042-2026-08-11,RR-0042,2026-08-11,86,6020,9,172
RR-0042-2026-08-12,RR-0042,2026-08-12,35,1260,0,105
RR-0042-2026-08-13,RR-0042,2026-08-13,102,5202,3,714
RR-0042-2026-08-14,RR-0042,2026-08-14,78,5538,7,624
RR-0042-2026-08-15,RR-0042,2026-08-15,73,3139,4,730
RR-0042-2026-08-16,RR-0042,2026-08-16,10,270,3,50
RR-0042-2026-08-17,RR-0042,2026-08-17,172,9632,13,860
RR-0042-2026-08-18,RR-0042,2026-08-18,78,3120,2,312
RR-0042-2026-08-19,RR-0042,2026-08-19,74,2960,1,296
RR-0042-2026-08-20,RR-0042,2026-08-20,109,8720,1,436
RR-0042-2026-08-21,RR-0042,2026-08-21,104,5408,6,624
RR-0042-2026-08-22,RR-0042,2026-08-22,168,5880,0,1680
RR-0042-2026-08-23,RR-0042,2026-08-23,54,2970,5,378
RR-0042-2026-08-24,RR-0042,2026-08-24,25,1175,1,250
RR-0042-2026-08-25,RR-0042,2026-08-25,123,9102,1,615
RR-0042-2026-08-26,RR-0042,2026-08-26,167,5678,19,1336
RR-0042-2026-08-27,RR-0042,2026-08-27,30,780,4,300
RR-0042-2026-08-28,RR-0042,2026-08-28,165,4125,8,825
RR-0042-2026-08-29,RR-0042,2026-08-29,31,2015,3,186
RR-0042-2026-08-30,RR-0042,2026-08-30,149,5662,14,1490
RR-0042-2026-08-31,RR-0042,2026-08-31,10,350,0,100
RR-0042-2026-09-01,RR-0042,2026-09-01,33,2310,1,264
RR-0042-2026-09-02,RR-0042,2026-09-02,128,9728,1,1152
RR-0042-2026-09-03,RR-0042,2026-09-03,5,325,2,35
RR-0043-2026-08-05,RR-0043,2026-08-05,191,14325,17,1337
RR-0043-2026-08-06,RR-0043,2026-08-06,184,9200,0,1104
RR-0043-2026-08-07,RR-0043,2026-08-07,157,8007,9,1256
RR-0043-2026-08-08,RR-0043,2026-08-08,67,3551,1,670
RR-0043-2026-08-09,RR-0043,2026-08-09,142,4686,20,568
RR-0043-2026-08-10,RR-0043,2026-08-10,70,5460,2,560
RR-0043-2026-08-11,RR-0043,2026-08-11,192,6336,22,576
RR-0043-2026-08-12,RR-0043,2026-08-12,119,7497,6,1190
RR-0043-2026-08-13,RR-0043,2026-08-13,127,5334,2,889
RR-0043-2026-08-14,RR-0043,2026-08-14,147,11172,20,1470
RR-0043-2026-08-15,RR-0043,2026-08-15,77,3850,6,539
RR-0043-2026-08-16,RR-0043,2026-08-16,236,18408,26,2360
RR-0043-2026-08-17,RR-0043,2026-08-17,178,11214,6,1246
RR-0043-2026-08-18,RR-0043,2026-08-18,123,8364,13,492
RR-0043-2026-08-19,RR-0043,2026-08-19,87,4872,10,174
RR-0043-2026-08-20,RR-0043,2026-08-20,149,5662,5,1341
RR-0043-2026-08-21,RR-0043,2026-08-21,66,2046,9,264
RR-0043-2026-08-22,RR-0043,2026-08-22,151,3775,0,1510
RR-0043-2026-08-23,RR-0043,2026-08-23,80,2720,1,640
RR-0043-2026-08-24,RR-0043,2026-08-24,259,9583,11,1813
RR-0043-2026-08-25,RR-0043,2026-08-25,75,2775,4,375
RR-0043-2026-08-26,RR-0043,2026-08-26,87,6960,3,522
RR-0043-2026-08-27,RR-0043,2026-08-27,195,11700,6,585
RR-0043-2026-08-28,RR-0043,2026-08-28,253,10373,15,2530
RR-0043-2026-08-29,RR-0043,2026-08-29,189,9261,12,378
RR-0043-2026-08-30,RR-0043,2026-08-30,64,5056,3,256
RR-0043-2026-08-31,RR-0043,2026-08-31,196,7840,7,1960
RR-0043-2026-09-01,RR-0043,2026-09-01,93,3534,1,837
RR-0043-2026-09-02,RR-0043,2026-09-02,51,2550,6,306
RR-0043-2026-09-03,RR-0043,2026-09-03,101,7878,14,707
RR-0044-2026-08-05,RR-0044,2026-08-05,64,4480,8,448
RR-0044-2026-08-06,RR-0044,2026-08-06,186,13950,12,1302
RR-0044-2026-08-07,RR-0044,2026-08-07,100,5400,8,500
RR-0044-2026-08-08,RR-0044,2026-08-08,103,4635,6,515
RR-0044-2026-08-09,RR-0044,2026-08-09,253,14421,12,506
RR-0044-2026-08-10,RR-0044,2026-08-10,133,7182,9,399
RR-0044-2026-08-11,RR-0044,2026-08-11,237,13272,5,474
RR-0044-2026-08-12,RR-0044,2026-08-12,157,8478,9,471
RR-0044-2026-08-13,RR-0044,2026-08-13,96,6432,13,864
RR-0044-2026-08-14,RR-0044,2026-08-14,131,9039,3,1179
RR-0044-2026-08-15,RR-0044,2026-08-15,141,10152,11,564
RR-0044-2026-08-16,RR-0044,2026-08-16,62,3348,4,186
RR-0044-2026-08-17,RR-0044,2026-08-17,159,8427,18,1590
RR-0044-2026-08-18,RR-0044,2026-08-18,205,11275,27,2050
RR-0044-2026-08-19,RR-0044,2026-08-19,184,13984,23,368
RR-0044-2026-08-20,RR-0044,2026-08-20,100,5300,12,700
RR-0044-2026-08-21,RR-0044,2026-08-21,48,2256,4,384
RR-0044-2026-08-22,RR-0044,2026-08-22,121,4356,2,484
RR-0044-2026-08-23,RR-0044,2026-08-23,99,7227,4,990
RR-0044-2026-08-24,RR-0044,2026-08-24,208,7280,24,1040
RR-0044-2026-08-25,RR-0044,2026-08-25,92,6808,6,184
RR-0044-2026-08-26,RR-0044,2026-08-26,78,2028,3,312
RR-0044-2026-08-27,RR-0044,2026-08-27,229,7099,15,1145
RR-0044-2026-08-28,RR-0044,2026-08-28,71,3124,6,284
RR-0044-2026-08-29,RR-0044,2026-08-29,58,1914,2,174
RR-0044-2026-08-30,RR-0044,2026-08-30,195,11115,19,975
RR-0044-2026-08-31,RR-0044,2026-08-31,75,4725,9,300
RR-0044-2026-09-01,RR-0044,2026-09-01,112,8400,14,560
RR-0044-2026-09-02,RR-0044,2026-09-02,74,3848,8,518
RR-0044-2026-09-03,RR-0044,2026-09-03,63,2835,0,504
RR-0045-2026-08-05,RR-0045,2026-08-05,63,5040,3,189
RR-0045-2026-08-06,RR-0045,2026-08-06,105,6405,11,210
RR-0045-2026-08-07,RR-0045,2026-08-07,195,10140,5,585
RR-0045-2026-08-08,RR-0045,2026-08-08,234,9594,30,468
RR-0045-2026-08-09,RR-0045,2026-08-09,201,10050,4,1005
RR-0045-2026-08-10,RR-0045,2026-08-10,74,2738,1,444
RR-0045-2026-08-11,RR-0045,2026-08-11,205,14350,6,1230
RR-0045-2026-08-12,RR-0045,2026-08-12,155,8835,9,1085
RR-0045-2026-08-13,RR-0045,2026-08-13,213,14484,29,1704
RR-0045-2026-08-14,RR-0045,2026-08-14,148,8880,5,592
RR-0045-2026-08-15,RR-0045,2026-08-15,31,837,3,186
RR-0045-2026-08-16,RR-0045,2026-08-16,114,8778,10,456
RR-0045-2026-08-17,RR-0045,2026-08-17,51,3876,4,204
RR-0045-2026-08-18,RR-0045,2026-08-18,109,3706,13,545
RR-0045-2026-08-19,RR-0045,2026-08-19,79,5846,9,474
RR-0045-2026-08-20,RR-0045,2026-08-20,129,9546,8,645
RR-0045-2026-08-21,RR-0045,2026-08-21,112,3920,11,224
RR-0045-2026-08-22,RR-0045,2026-08-22,134,4958,10,1072
RR-0045-2026-08-23,RR-0045,2026-08-23,187,8228,0,1122
RR-0045-2026-08-24,RR-0045,2026-08-24,192,15360,4,1344
RR-0045-2026-08-25,RR-0045,2026-08-25,112,8848,6,560
RR-0045-2026-08-26,RR-0045,2026-08-26,54,1836,5,270
RR-0045-2026-08-27,RR-0045,2026-08-27,170,6120,13,1530
RR-0045-2026-08-28,RR-0045,2026-08-28,5,370,1,25
RR-0045-2026-08-29,RR-0045,2026-08-29,93,3813,8,930
RR-0045-2026-08-30,RR-0045,2026-08-30,142,6816,13,426
RR-0045-2026-08-31,RR-0045,2026-08-31,84,4872,8,168
RR-0045-2026-09-01,RR-0045,2026-09-01,101,3535,12,404
RR-0045-2026-09-02,RR-0045,2026-09-02,145,10875,1,1015
RR-0045-2026-09-03,RR-0045,2026-09-03,184,4600,7,552
RR-0046-2026-08-05,RR-0046,2026-08-05,140,7280,17,840
RR-0046-2026-08-06,RR-0046,2026-08-06,141,10152,15,1128
RR-0046-2026-08-07,RR-0046,2026-08-07,230,11500,5,1610
RR-0046-2026-08-08,RR-0046,2026-08-08,236,11328,15,2360
RR-0046-2026-08-09,RR-0046,2026-08-09,170,4420,7,510
RR-0046-2026-08-10,RR-0046,2026-08-10,176,12496,16,352
RR-0046-2026-08-11,RR-0046,2026-08-11,256,9984,31,2304
RR-0046-2026-08-12,RR-0046,2026-08-12,117,2925,5,936
RR-0046-2026-08-13,RR-0046,2026-08-13,180,12960,15,1620
RR-0046-2026-08-14,RR-0046,2026-08-14,80,4240,9,720
RR-0046-2026-08-15,RR-0046,2026-08-15,113,8249,6,452
RR-0046-2026-08-16,RR-0046,2026-08-16,87,3828,2,435
RR-0046-2026-08-17,RR-0046,2026-08-17,256,20224,18,512
RR-0046-2026-08-18,RR-0046,2026-08-18,243,19197,25,2430
RR-0046-2026-08-19,RR-0046,2026-08-19,256,13568,17,2304
RR-0046-2026-08-20,RR-0046,2026-08-20,216,12096,1,1944
RR-0046-2026-08-21,RR-0046,2026-08-21,155,5890,12,930
RR-0046-2026-08-22,RR-0046,2026-08-22,254,17780,3,1778
RR-0046-2026-08-23,RR-0046,2026-08-23,167,4509,17,1336
RR-0046-2026-08-24,RR-0046,2026-08-24,110,7370,9,550
RR-0046-2026-08-25,RR-0046,2026-08-25,50,3100,6,500
RR-0046-2026-08-26,RR-0046,2026-08-26,61,4880,8,183
RR-0046-2026-08-27,RR-0046,2026-08-27,77,2618,7,385
RR-0046-2026-08-28,RR-0046,2026-08-28,131,8777,2,917
RR-0046-2026-08-29,RR-0046,2026-08-29,246,9102,22,492
RR-0046-2026-08-30,RR-0046,2026-08-30,190,8740,12,1140
RR-0046-2026-08-31,RR-0046,2026-08-31,52,2912,7,468
RR-0046-2026-09-01,RR-0046,2026-09-01,121,3267,17,968
RR-0046-2026-09-02,RR-0046,2026-09-02,84,5964,11,504
RR-0046-2026-09-03,RR-0046,2026-09-03,186,13950,21,1488
RR-0047-2026-08-05,RR-0047,2026-08-05,103,4326,1,206
RR-0047-2026-08-06,RR-0047,2026-08-06,55,4345,0,440
RR-0047-2026-08-07,RR-0047,2026-08-07,228,15732,7,1368
RR-0047-2026-08-08,RR-0047,2026-08-08,143,5720,15,858
RR-0047-2026-08-09,RR-0047,2026-08-09,116,5916,6,1160
RR-0047-2026-08-10,RR-0047,2026-08-10,158,12008,17,474
RR-0047-2026-08-11,RR-0047,2026-08-11,44,1584,6,352
RR-0047-2026-08-12,RR-0047,2026-08-12,210,15120,6,2100
RR-0047-2026-08-13,RR-0047,2026-08-13,164,11480,21,492
RR-0047-2026-08-14,RR-0047,2026-08-14,211,7596,17,1899
RR-0047-2026-08-15,RR-0047,2026-08-15,202,11312,18,808
RR-0047-2026-08-16,RR-0047,2026-08-16,173,11072,8,1730
RR-0047-2026-08-17,RR-0047,2026-08-17,141,8601,14,1410
RR-0047-2026-08-18,RR-0047,2026-08-18,194,8342,14,388
RR-0047-2026-08-19,RR-0047,2026-08-19,197,9259,1,1773
RR-0047-2026-08-20,RR-0047,2026-08-20,106,6572,8,954
RR-0047-2026-08-21,RR-0047,2026-08-21,47,3243,3,470
RR-0047-2026-08-22,RR-0047,2026-08-22,31,1891,4,217
RR-0047-2026-08-23,RR-0047,2026-08-23,55,4400,2,110
RR-0047-2026-08-24,RR-0047,2026-08-24,51,1479,1,459
RR-0047-2026-08-25,RR-0047,2026-08-25,107,6206,8,856
RR-0047-2026-08-26,RR-0047,2026-08-26,94,2726,11,846
RR-0047-2026-08-27,RR-0047,2026-08-27,39,1989,4,351
RR-0047-2026-08-28,RR-0047,2026-08-28,66,3828,5,396
RR-0047-2026-08-29,RR-0047,2026-08-29,33,990,1,99
RR-0047-2026-08-30,RR-0047,2026-08-30,77,2849,3,231
RR-0047-2026-08-31,RR-0047,2026-08-31,148,11396,7,1480
RR-0047-2026-09-01,RR-0047,2026-09-01,5,390,3,40
RR-0047-2026-09-02,RR-0047,2026-09-02,156,10608,16,1404
RR-0047-2026-09-03,RR-0047,2026-09-03,25,725,1,200
RR-0048-2026-08-05,RR-0048,2026-08-05,146,6132,5,1022
RR-0048-2026-08-06,RR-0048,2026-08-06,237,16827,14,1896
RR-0048-2026-08-07,RR-0048,2026-08-07,56,2408,0,560
RR-0048-2026-08-08,RR-0048,2026-08-08,129,9288,17,1290
RR-0048-2026-08-09,RR-0048,2026-08-09,182,11102,19,1638
RR-0048-2026-08-10,RR-0048,2026-08-10,170,10370,22,680
RR-0048-2026-08-11,RR-0048,2026-08-11,40,1160,0,80
RR-0048-2026-08-12,RR-0048,2026-08-12,108,3780,15,648
RR-0048-2026-08-13,RR-0048,2026-08-13,114,6726,10,342
RR-0048-2026-08-14,RR-0048,2026-08-14,82,6396,6,738
RR-0048-2026-08-15,RR-0048,2026-08-15,195,15210,11,390
RR-0048-2026-08-16,RR-0048,2026-08-16,23,1334,3,184
RR-0048-2026-08-17,RR-0048,2026-08-17,31,2449,4,310
RR-0048-2026-08-18,RR-0048,2026-08-18,180,9900,5,720
RR-0048-2026-08-19,RR-0048,2026-08-19,209,5434,10,2090
RR-0048-2026-08-20,RR-0048,2026-08-20,136,8432,8,544
RR-0048-2026-08-21,RR-0048,2026-08-21,84,6384,6,756
RR-0048-2026-08-22,RR-0048,2026-08-22,154,9394,14,1232
RR-0048-2026-08-23,RR-0048,2026-08-23,166,6640,7,498
RR-0048-2026-08-24,RR-0048,2026-08-24,198,7524,0,792
RR-0048-2026-08-25,RR-0048,2026-08-25,80,6320,1,800
RR-0048-2026-08-26,RR-0048,2026-08-26,105,3885,12,1050
RR-0048-2026-08-27,RR-0048,2026-08-27,228,6840,1,1596
RR-0048-2026-08-28,RR-0048,2026-08-28,138,9246,6,276
RR-0048-2026-08-29,RR-0048,2026-08-29,5,205,0,50
RR-0048-2026-08-30,RR-0048,2026-08-30,95,4750,4,665
RR-0048-2026-08-31,RR-0048,2026-08-31,189,13419,13,1323
RR-0048-2026-09-01,RR-0048,2026-09-01,5,175,0,30
RR-0048-2026-09-02,RR-0048,2026-09-02,65,4550,7,650
RR-0048-2026-09-03,RR-0048,2026-09-03,120,4320,9,1080
RR-0049-2026-08-05,RR-0049,2026-08-05,147,9114,14,1470
RR-0049-2026-08-06,RR-0049,2026-08-06,80,4320,11,800
RR-0049-2026-08-07,RR-0049,2026-08-07,245,12250,5,735
RR-0049-2026-08-08,RR-0049,2026-08-08,198,14454,20,396
RR-0049-2026-08-09,RR-0049,2026-08-09,206,7828,11,1648
RR-0049-2026-08-10,RR-0049,2026-08-10,81,4293,6,405
RR-0049-2026-08-11,RR-0049,2026-08-11,231,12705,32,693
RR-0049-2026-08-12,RR-0049,2026-08-12,219,10950,3,438
RR-0049-2026-08-13,RR-0049,2026-08-13,207,7038,20,828
RR-0049-2026-08-14,RR-0049,2026-08-14,221,9724,22,2210
RR-0049-2026-08-15,RR-0049,2026-08-15,69,3036,0,207
RR-0049-2026-08-16,RR-0049,2026-08-16,129,7353,10,387
RR-0049-2026-08-17,RR-0049,2026-08-17,136,10880,12,816
RR-0049-2026-08-18,RR-0049,2026-08-18,246,8118,3,2214
RR-0049-2026-08-19,RR-0049,2026-08-19,119,8806,17,595
RR-0049-2026-08-20,RR-0049,2026-08-20,108,2916,11,864
RR-0049-2026-08-21,RR-0049,2026-08-21,106,5088,15,954
RR-0049-2026-08-22,RR-0049,2026-08-22,244,15372,31,1220
RR-0049-2026-08-23,RR-0049,2026-08-23,122,8906,10,366
RR-0049-2026-08-24,RR-0049,2026-08-24,237,18723,13,1422
RR-0049-2026-08-25,RR-0049,2026-08-25,88,4664,9,264
RR-0049-2026-08-26,RR-0049,2026-08-26,246,17712,35,984
RR-0049-2026-08-27,RR-0049,2026-08-27,101,2727,5,505
RR-0049-2026-08-28,RR-0049,2026-08-28,50,1250,4,350
RR-0049-2026-08-29,RR-0049,2026-08-29,176,11264,16,352
RR-0049-2026-08-30,RR-0049,2026-08-30,201,9246,25,1809
RR-0049-2026-08-31,RR-0049,2026-08-31,114,2964,6,798
RR-0049-2026-09-01,RR-0049,2026-09-01,253,8349,20,1012
RR-0049-2026-09-02,RR-0049,2026-09-02,158,6636,5,948
RR-0049-2026-09-03,RR-0049,2026-09-03,71,2414,6,142
RR-0050-2026-08-05,RR-0050,2026-08-05,154,9240,3,770
RR-0050-2026-08-06,RR-0050,2026-08-06,83,5312,1,830
RR-0050-2026-08-07,RR-0050,2026-08-07,88,2728,7,352
RR-0050-2026-08-08,RR-0050,2026-08-08,128,4608,8,384
RR-0050-2026-08-09,RR-0050,2026-08-09,257,18504,15,1285
RR-0050-2026-08-10,RR-0050,2026-08-10,197,11820,27,788
RR-0050-2026-08-11,RR-0050,2026-08-11,179,6444,4,1790
RR-0050-2026-08-12,RR-0050,2026-08-12,128,3456,7,768
RR-0050-2026-08-13,RR-0050,2026-08-13,110,7370,13,440
RR-0050-2026-08-14,RR-0050,2026-08-14,127,7620,11,635
RR-0050-2026-08-15,RR-0050,2026-08-15,217,13454,21,868
RR-0050-2026-08-16,RR-0050,2026-08-16,260,19240,33,1560
RR-0050-2026-08-17,RR-0050,2026-08-17,73,3431,0,584
RR-0050-2026-08-18,RR-0050,2026-08-18,82,3772,11,574
RR-0050-2026-08-19,RR-0050,2026-08-19,235,9165,2,1410
RR-0050-2026-08-20,RR-0050,2026-08-20,120,8160,4,840
RR-0050-2026-08-21,RR-0050,2026-08-21,166,8632,0,830
RR-0050-2026-08-22,RR-0050,2026-08-22,216,12960,19,1296
RR-0050-2026-08-23,RR-0050,2026-08-23,76,2660,6,152
RR-0050-2026-08-24,RR-0050,2026-08-24,63,1575,6,567
RR-0050-2026-08-25,RR-0050,2026-08-25,91,4459,9,273
RR-0050-2026-08-26,RR-0050,2026-08-26,162,11826,7,1458
RR-0050-2026-08-27,RR-0050,2026-08-27,187,9537,5,561
RR-0050-2026-08-28,RR-0050,2026-08-28,231,16401,10,1155
RR-0050-2026-08-29,RR-0050,2026-08-29,205,12300,24,2050
RR-0050-2026-08-30,RR-0050,2026-08-30,47,3337,2,376
RR-0050-2026-08-31,RR-0050,2026-08-31,85,6035,7,595
RR-0050-2026-09-01,RR-0050,2026-09-01,170,5610,6,510
RR-0050-2026-09-02,RR-0050,2026-09-02,117,5733,3,819
RR-0050-2026-09-03,RR-0050,2026-09-03,111,6993,7,555
RR-0051-2026-08-05,RR-0051,2026-08-05,207,15525,8,1449
RR-0051-2026-08-06,RR-0051,2026-08-06,50,3600,2,200
RR-0051-2026-08-07,RR-0051,2026-08-07,207,9315,19,2070
RR-0051-2026-08-08,RR-0051,2026-08-08,189,8883,11,1701
RR-0051-2026-08-09,RR-0051,2026-08-09,53,4028,2,530
RR-0051-2026-08-10,RR-0051,2026-08-10,31,2449,2,93
RR-0051-2026-08-11,RR-0051,2026-08-11,227,13166,30,1135
RR-0051-2026-08-12,RR-0051,2026-08-12,42,2982,3,378
RR-0051-2026-08-13,RR-0051,2026-08-13,158,8374,12,1106
RR-0051-2026-08-14,RR-0051,2026-08-14,195,13065,7,975
RR-0051-2026-08-15,RR-0051,2026-08-15,203,14819,6,406
RR-0051-2026-08-16,RR-0051,2026-08-16,163,8965,15,326
RR-0051-2026-08-17,RR-0051,2026-08-17,173,5709,6,1384
RR-0051-2026-08-18,RR-0051,2026-08-18,73,5329,1,146
RR-0051-2026-08-19,RR-0051,2026-08-19,227,14528,6,908
RR-0051-2026-08-20,RR-0051,2026-08-20,5,215,3,20
RR-0051-2026-08-21,RR-0051,2026-08-21,79,3555,10,158
RR-0051-2026-08-22,RR-0051,2026-08-22,136,8568,4,680
RR-0051-2026-08-23,RR-0051,2026-08-23,195,11700,13,390
RR-0051-2026-08-24,RR-0051,2026-08-24,45,1710,0,315
RR-0051-2026-08-25,RR-0051,2026-08-25,44,3344,1,440
RR-0051-2026-08-26,RR-0051,2026-08-26,86,5418,2,344
RR-0051-2026-08-27,RR-0051,2026-08-27,36,1296,0,288
RR-0051-2026-08-28,RR-0051,2026-08-28,84,5376,2,672
RR-0051-2026-08-29,RR-0051,2026-08-29,143,7722,9,1144
RR-0051-2026-08-30,RR-0051,2026-08-30,172,7396,19,688
RR-0051-2026-08-31,RR-0051,2026-08-31,161,10304,9,644
RR-0051-2026-09-01,RR-0051,2026-09-01,170,5270,16,1020
RR-0051-2026-09-02,RR-0051,2026-09-02,34,1122,3,68
RR-0051-2026-09-03,RR-0051,2026-09-03,5,150,2,50
RR-0052-2026-08-05,RR-0052,2026-08-05,258,15222,21,1806
RR-0052-2026-08-06,RR-0052,2026-08-06,117,4446,5,1170
RR-0052-2026-08-07,RR-0052,2026-08-07,205,7995,26,1025
RR-0052-2026-08-08,RR-0052,2026-08-08,245,15925,34,1225
RR-0052-2026-08-09,RR-0052,2026-08-09,108,7344,12,648
RR-0052-2026-08-10,RR-0052,2026-08-10,57,1938,6,513
RR-0052-2026-08-11,RR-0052,2026-08-11,101,5858,0,707
RR-0052-2026-08-12,RR-0052,2026-08-12,69,2898,6,690
RR-0052-2026-08-13,RR-0052,2026-08-13,164,10988,1,656
RR-0052-2026-08-14,RR-0052,2026-08-14,219,6789,18,2190
RR-0052-2026-08-15,RR-0052,2026-08-15,113,7910,12,1017
RR-0052-2026-08-16,RR-0052,2026-08-16,123,5166,13,492
RR-0052-2026-08-17,RR-0052,2026-08-17,162,10044,4,1296
RR-0052-2026-08-18,RR-0052,2026-08-18,142,9088,20,1278
RR-0052-2026-08-19,RR-0052,2026-08-19,214,5350,4,2140
RR-0052-2026-08-20,RR-0052,2026-08-20,76,3040,4,760
RR-0052-2026-08-21,RR-0052,2026-08-21,98,5880,11,882
RR-0052-2026-08-22,RR-0052,2026-08-22,151,11627,8,1057
RR-0052-2026-08-23,RR-0052,2026-08-23,213,11715,9,1704
RR-0052-2026-08-24,RR-0052,2026-08-24,177,10089,9,1239
RR-0052-2026-08-25,RR-0052,2026-08-25,160,9120,10,1440
RR-0052-2026-08-26,RR-0052,2026-08-26,64,4608,0,576
RR-0052-2026-08-27,RR-0052,2026-08-27,127,9017,10,889
RR-0052-2026-08-28,RR-0052,2026-08-28,116,5336,12,348
RR-0052-2026-08-29,RR-0052,2026-08-29,249,19173,28,1743
RR-0052-2026-08-30,RR-0052,2026-08-30,137,10275,18,1370
RR-0052-2026-08-31,RR-0052,2026-08-31,180,9720,18,1440
RR-0052-2026-09-01,RR-0052,2026-09-01,71,4686,4,568
RR-0052-2026-09-02,RR-0052,2026-09-02,91,5915,10,910
RR-0052-2026-09-03,RR-0052,2026-09-03,86,5418,9,516
RR-0053-2026-08-05,RR-0053,2026-08-05,156,9048,5,468
RR-0053-2026-08-06,RR-0053,2026-08-06,87,2436,12,261
RR-0053-2026-08-07,RR-0053,2026-08-07,160,9280,4,800
RR-0053-2026-08-08,RR-0053,2026-08-08,252,18900,7,1008
RR-0053-2026-08-09,RR-0053,2026-08-09,207,15732,1,1035
RR-0053-2026-08-10,RR-0053,2026-08-10,217,15624,24,1519
RR-0053-2026-08-11,RR-0053,2026-08-11,73,2263,7,657
RR-0053-2026-08-12,RR-0053,2026-08-12,64,2880,7,640
RR-0053-2026-08-13,RR-0053,2026-08-13,116,5104,8,348
RR-0053-2026-08-14,RR-0053,2026-08-14,226,6328,25,2034
RR-0053-2026-08-15,RR-0053,2026-08-15,161,7406,7,1610
RR-0053-2026-08-16,RR-0053,2026-08-16,235,16215,17,470
RR-0053-2026-08-17,RR-0053,2026-08-17,226,11300,18,2260
RR-0053-2026-08-18,RR-0053,2026-08-18,98,7448,7,392
RR-0053-2026-08-19,RR-0053,2026-08-19,152,4256,7,1064
RR-0053-2026-08-20,RR-0053,2026-08-20,160,10240,16,960
RR-0053-2026-08-21,RR-0053,2026-08-21,65,2275,9,325
RR-0053-2026-08-22,RR-0053,2026-08-22,240,12720,33,720
RR-0053-2026-08-23,RR-0053,2026-08-23,50,3350,0,500
RR-0053-2026-08-24,RR-0053,2026-08-24,187,6171,20,1122
RR-0053-2026-08-25,RR-0053,2026-08-25,197,15366,17,985
RR-0053-2026-08-26,RR-0053,2026-08-26,243,17496,10,972
RR-0053-2026-08-27,RR-0053,2026-08-27,63,3591,4,189
RR-0053-2026-08-28,RR-0053,2026-08-28,78,2652,7,546
RR-0053-2026-08-29,RR-0053,2026-08-29,139,10981,7,417
RR-0053-2026-08-30,RR-0053,2026-08-30,176,5632,12,1056
RR-0053-2026-08-31,RR-0053,2026-08-31,158,8532,11,1264
RR-0053-2026-09-01,RR-0053,2026-09-01,86,2236,5,688
RR-0053-2026-09-02,RR-0053,2026-09-02,178,11748,6,1780
RR-0053-2026-09-03,RR-0053,2026-09-03,245,19355,4,490
RR-0054-2026-08-05,RR-0054,2026-08-05,132,10164,14,396
RR-0054-2026-08-06,RR-0054,2026-08-06,211,7174,26,1266
RR-0054-2026-08-07,RR-0054,2026-08-07,225,11700,22,1350
RR-0054-2026-08-08,RR-0054,2026-08-08,179,10203,2,1432
RR-0054-2026-08-09,RR-0054,2026-08-09,94,5828,2,188
RR-0054-2026-08-10,RR-0054,2026-08-10,218,9156,19,872
RR-0054-2026-08-11,RR-0054,2026-08-11,74,3700,6,370
RR-0054-2026-08-12,RR-0054,2026-08-12,205,9430,17,820
RR-0054-2026-08-13,RR-0054,2026-08-13,208,6656,21,1040
RR-0054-2026-08-14,RR-0054,2026-08-14,112,4032,5,224
RR-0054-2026-08-15,RR-0054,2026-08-15,142,10934,18,284
RR-0054-2026-08-16,RR-0054,2026-08-16,135,8100,13,1080
RR-0054-2026-08-17,RR-0054,2026-08-17,146,11388,17,584
RR-0054-2026-08-18,RR-0054,2026-08-18,201,6834,22,804
RR-0054-2026-08-19,RR-0054,2026-08-19,253,10120,15,2024
RR-0054-2026-08-20,RR-0054,2026-08-20,255,20400,5,1275
RR-0054-2026-08-21,RR-0054,2026-08-21,129,5160,14,516
RR-0054-2026-08-22,RR-0054,2026-08-22,244,7808,0,2196
RR-0054-2026-08-23,RR-0054,2026-08-23,137,5069,14,1370
RR-0054-2026-08-24,RR-0054,2026-08-24,141,5640,9,1410
RR-0054-2026-08-25,RR-0054,2026-08-25,218,8720,30,1308
RR-0054-2026-08-26,RR-0054,2026-08-26,195,8190,20,780
RR-0054-2026-08-27,RR-0054,2026-08-27,96,7008,8,480
RR-0054-2026-08-28,RR-0054,2026-08-28,162,8100,23,648
RR-0054-2026-08-29,RR-0054,2026-08-29,238,12614,3,1666
RR-0054-2026-08-30,RR-0054,2026-08-30,177,13629,10,531
RR-0054-2026-08-31,RR-0054,2026-08-31,252,6300,24,1008
RR-0054-2026-09-01,RR-0054,2026-09-01,147,5292,11,882
RR-0054-2026-09-02,RR-0054,2026-09-02,119,4165,9,714
RR-0054-2026-09-03,RR-0054,2026-09-03,70,2030,6,350
RR-0055-2026-08-05,RR-0055,2026-08-05,198,14652,3,594
RR-0055-2026-08-06,RR-0055,2026-08-06,151,6191,13,1359
RR-0055-2026-08-07,RR-0055,2026-08-07,95,7220,10,665
RR-0055-2026-08-08,RR-0055,2026-08-08,137,3562,12,1096
RR-0055-2026-08-09,RR-0055,2026-08-09,128,6144,12,256
RR-0055-2026-08-10,RR-0055,2026-08-10,155,10230,6,1395
RR-0055-2026-08-11,RR-0055,2026-08-11,178,11036,7,890
RR-0055-2026-08-12,RR-0055,2026-08-12,220,13640,14,880
RR-0055-2026-08-13,RR-0055,2026-08-13,89,2581,11,801
RR-0055-2026-08-14,RR-0055,2026-08-14,208,8736,25,416
RR-0055-2026-08-15,RR-0055,2026-08-15,24,744,0,120
RR-0055-2026-08-16,RR-0055,2026-08-16,57,2052,8,456
RR-0055-2026-08-17,RR-0055,2026-08-17,157,5181,1,1256
RR-0055-2026-08-18,RR-0055,2026-08-18,47,1645,0,470
RR-0055-2026-08-19,RR-0055,2026-08-19,151,11778,18,604
RR-0055-2026-08-20,RR-0055,2026-08-20,81,4212,0,162
RR-0055-2026-08-21,RR-0055,2026-08-21,103,7622,6,927
RR-0055-2026-08-22,RR-0055,2026-08-22,169,13182,6,1352
RR-0055-2026-08-23,RR-0055,2026-08-23,135,6885,3,1080
RR-0055-2026-08-24,RR-0055,2026-08-24,174,12528,13,1044
RR-0055-2026-08-25,RR-0055,2026-08-25,131,5371,3,1179
RR-0055-2026-08-26,RR-0055,2026-08-26,97,5723,7,873
RR-0055-2026-08-27,RR-0055,2026-08-27,18,1098,1,108
RR-0055-2026-08-28,RR-0055,2026-08-28,203,15631,14,1218
RR-0055-2026-08-29,RR-0055,2026-08-29,133,7049,1,532
RR-0055-2026-08-30,RR-0055,2026-08-30,15,885,2,150
RR-0055-2026-08-31,RR-0055,2026-08-31,144,9360,19,288
RR-0055-2026-09-01,RR-0055,2026-09-01,206,11742,26,618
RR-0055-2026-09-02,RR-0055,2026-09-02,5,290,1,40
RR-0055-2026-09-03,RR-0055,2026-09-03,70,4270,7,560
RR-0056-2026-08-05,RR-0056,2026-08-05,224,11648,7,448
RR-0056-2026-08-06,RR-0056,2026-08-06,141,4935,12,987
RR-0056-2026-08-07,RR-0056,2026-08-07,190,7790,2,570
RR-0056-2026-08-08,RR-0056,2026-08-08,213,10650,16,1278
RR-0056-2026-08-09,RR-0056,2026-08-09,202,13332,14,808
RR-0056-2026-08-10,RR-0056,2026-08-10,235,13630,23,1880
RR-0056-2026-08-11,RR-0056,2026-08-11,189,11151,21,567
RR-0056-2026-08-12,RR-0056,2026-08-12,171,12996,18,1026
RR-0056-2026-08-13,RR-0056,2026-08-13,122,9394,3,244
RR-0056-2026-08-14,RR-0056,2026-08-14,131,4323,14,262
RR-0056-2026-08-15,RR-0056,2026-08-15,115,7820,13,920
RR-0056-2026-08-16,RR-0056,2026-08-16,219,12264,23,1752
RR-0056-2026-08-17,RR-0056,2026-08-17,188,6016,10,564
RR-0056-2026-08-18,RR-0056,2026-08-18,254,9144,4,1270
RR-0056-2026-08-19,RR-0056,2026-08-19,196,6664,18,1960
RR-0056-2026-08-20,RR-0056,2026-08-20,62,2294,7,372
RR-0056-2026-08-21,RR-0056,2026-08-21,165,9240,15,330
RR-0056-2026-08-22,RR-0056,2026-08-22,78,5226,6,546
RR-0056-2026-08-23,RR-0056,2026-08-23,106,2650,3,318
RR-0056-2026-08-24,RR-0056,2026-08-24,188,14664,24,1128
RR-0056-2026-08-25,RR-0056,2026-08-25,146,7300,2,292
RR-0056-2026-08-26,RR-0056,2026-08-26,213,12993,21,1704
RR-0056-2026-08-27,RR-0056,2026-08-27,173,10034,7,519
RR-0056-2026-08-28,RR-0056,2026-08-28,204,11832,13,1428
RR-0056-2026-08-29,RR-0056,2026-08-29,45,3375,5,405
RR-0056-2026-08-30,RR-0056,2026-08-30,179,12530,4,537
RR-0056-2026-08-31,RR-0056,2026-08-31,190,14060,25,1900
RR-0056-2026-09-01,RR-0056,2026-09-01,187,13464,18,1496
RR-0056-2026-09-02,RR-0056,2026-09-02,46,2254,6,184
RR-0056-2026-09-03,RR-0056,2026-09-03,253,7337,8,2277
RR-0057-2026-08-05,RR-0057,2026-08-05,220,10340,31,660
RR-0057-2026-08-06,RR-0057,2026-08-06,253,19987,36,1518
RR-0057-2026-08-07,RR-0057,2026-08-07,126,7686,18,756
RR-0057-2026-08-08,RR-0057,2026-08-08,48,3696,6,480
RR-0057-2026-08-09,RR-0057,2026-08-09,192,6144,9,1344
RR-0057-2026-08-10,RR-0057,2026-08-10,58,3538,2,232
RR-0057-2026-08-11,RR-0057,2026-08-11,28,1456,4,140
RR-0057-2026-08-12,RR-0057,2026-08-12,203,8932,0,2030
RR-0057-2026-08-13,RR-0057,2026-08-13,189,13608,9,567
RR-0057-2026-08-14,RR-0057,2026-08-14,175,8050,2,700
RR-0057-2026-08-15,RR-0057,2026-08-15,64,2624,8,640
RR-0057-2026-08-16,RR-0057,2026-08-16,22,990,0,198
RR-0057-2026-08-17,RR-0057,2026-08-17,162,8262,0,1296
RR-0057-2026-08-18,RR-0057,2026-08-18,199,7960,6,1592
RR-0057-2026-08-19,RR-0057,2026-08-19,182,12558,3,910
RR-0057-2026-08-20,RR-0057,2026-08-20,224,13888,3,896
RR-0057-2026-08-21,RR-0057,2026-08-21,95,7505,6,760
RR-0057-2026-08-22,RR-0057,2026-08-22,21,1575,3,63
RR-0057-2026-08-23,RR-0057,2026-08-23,5,260,1,50
RR-0057-2026-08-24,RR-0057,2026-08-24,176,14080,2,1056
RR-0057-2026-08-25,RR-0057,2026-08-25,137,5206,17,822
RR-0057-2026-08-26,RR-0057,2026-08-26,115,3680,6,920
RR-0057-2026-08-27,RR-0057,2026-08-27,81,4536,9,729
RR-0057-2026-08-28,RR-0057,2026-08-28,192,5568,22,1728
RR-0057-2026-08-29,RR-0057,2026-08-29,77,4312,10,385
RR-0057-2026-08-30,RR-0057,2026-08-30,42,1260,0,126
RR-0057-2026-08-31,RR-0057,2026-08-31,192,14016,13,1920
RR-0057-2026-09-01,RR-0057,2026-09-01,188,14100,21,564
RR-0057-2026-09-02,RR-0057,2026-09-02,148,8732,0,740
RR-0057-2026-09-03,RR-0057,2026-09-03,22,1078,3,198
RR-0058-2026-08-05,RR-0058,2026-08-05,57,2508,8,114
RR-0058-2026-08-06,RR-0058,2026-08-06,224,15456,22,448
RR-0058-2026-08-07,RR-0058,2026-08-07,201,9246,2,2010
RR-0058-2026-08-08,RR-0058,2026-08-08,171,12483,11,1026
RR-0058-2026-08-09,RR-0058,2026-08-09,199,12736,26,1194
RR-0058-2026-08-10,RR-0058,2026-08-10,118,2950,11,1062
RR-0058-2026-08-11,RR-0058,2026-08-11,79,4187,5,395
RR-0058-2026-08-12,RR-0058,2026-08-12,42,1722,3,336
RR-0058-2026-08-13,RR-0058,2026-08-13,224,13440,22,672
RR-0058-2026-08-14,RR-0058,2026-08-14,206,12154,17,1854
RR-0058-2026-08-15,RR-0058,2026-08-15,100,2900,11,800
RR-0058-2026-08-16,RR-0058,2026-08-16,189,4725,19,1701
RR-0058-2026-08-17,RR-0058,2026-08-17,122,5978,0,976
RR-0058-2026-08-18,RR-0058,2026-08-18,40,2680,4,360
RR-0058-2026-08-19,RR-0058,2026-08-19,87,6612,2,522
RR-0058-2026-08-20,RR-0058,2026-08-20,169,6253,22,338
RR-0058-2026-08-21,RR-0058,2026-08-21,87,5655,0,609
RR-0058-2026-08-22,RR-0058,2026-08-22,114,9006,1,1140
RR-0058-2026-08-23,RR-0058,2026-08-23,90,3330,10,630
RR-0058-2026-08-24,RR-0058,2026-08-24,165,4455,5,1320
RR-0058-2026-08-25,RR-0058,2026-08-25,192,9792,5,960
RR-0058-2026-08-26,RR-0058,2026-08-26,87,2436,10,783
RR-0058-2026-08-27,RR-0058,2026-08-27,166,9296,16,1494
RR-0058-2026-08-28,RR-0058,2026-08-28,5,235,2,15
RR-0058-2026-08-29,RR-0058,2026-08-29,148,4588,7,740
RR-0058-2026-08-30,RR-0058,2026-08-30,54,1404,2,108
RR-0058-2026-08-31,RR-0058,2026-08-31,179,12351,16,358
RR-0058-2026-09-01,RR-0058,2026-09-01,130,7280,3,1300
RR-0058-2026-09-02,RR-0058,2026-09-02,184,4968,0,1472
RR-0058-2026-09-03,RR-0058,2026-09-03,112,7280,12,560
RR-0059-2026-08-05,RR-0059,2026-08-05,67,4087,6,335
RR-0059-2026-08-06,RR-0059,2026-08-06,96,3936,9,288
RR-0059-2026-08-07,RR-0059,2026-08-07,78,5538,6,624
RR-0059-2026-08-08,RR-0059,2026-08-08,246,18204,6,2214
RR-0059-2026-08-09,RR-0059,2026-08-09,109,4578,9,436
RR-0059-2026-08-10,RR-0059,2026-08-10,134,10050,6,804
RR-0059-2026-08-11,RR-0059,2026-08-11,44,2068,6,264
RR-0059-2026-08-12,RR-0059,2026-08-12,102,6222,13,816
RR-0059-2026-08-13,RR-0059,2026-08-13,76,4940,9,456
RR-0059-2026-08-14,RR-0059,2026-08-14,29,870,0,87
RR-0059-2026-08-15,RR-0059,2026-08-15,110,6160,15,330
RR-0059-2026-08-16,RR-0059,2026-08-16,155,12090,12,930
RR-0059-2026-08-17,RR-0059,2026-08-17,108,6696,0,324
RR-0059-2026-08-18,RR-0059,2026-08-18,229,13053,22,687
RR-0059-2026-08-19,RR-0059,2026-08-19,148,11248,12,296
RR-0059-2026-08-20,RR-0059,2026-08-20,5,125,1,30
RR-0059-2026-08-21,RR-0059,2026-08-21,55,2090,2,385
RR-0059-2026-08-22,RR-0059,2026-08-22,5,240,2,15
RR-0059-2026-08-23,RR-0059,2026-08-23,109,4905,1,1090
RR-0059-2026-08-24,RR-0059,2026-08-24,207,12213,24,1449
RR-0059-2026-08-25,RR-0059,2026-08-25,5,305,1,15
RR-0059-2026-08-26,RR-0059,2026-08-26,113,5989,6,1017
RR-0059-2026-08-27,RR-0059,2026-08-27,15,390,2,30
RR-0059-2026-08-28,RR-0059,2026-08-28,37,1443,1,222
RR-0059-2026-08-29,RR-0059,2026-08-29,40,1200,5,400
RR-0059-2026-08-30,RR-0059,2026-08-30,60,3960,7,120
RR-0059-2026-08-31,RR-0059,2026-08-31,97,5044,7,485
RR-0059-2026-09-01,RR-0059,2026-09-01,6,252,0,48
RR-0059-2026-09-02,RR-0059,2026-09-02,32,1088,3,288
RR-0059-2026-09-03,RR-0059,2026-09-03,98,5684,10,392
RR-0060-2026-08-05,RR-0060,2026-08-05,92,4232,5,920
RR-0060-2026-08-06,RR-0060,2026-08-06,108,8532,5,324
RR-0060-2026-08-07,RR-0060,2026-08-07,125,4875,1,500
RR-0060-2026-08-08,RR-0060,2026-08-08,222,5550,4,2220
RR-0060-2026-08-09,RR-0060,2026-08-09,126,3402,11,630
RR-0060-2026-08-10,RR-0060,2026-08-10,202,15150,25,1616
RR-0060-2026-08-11,RR-0060,2026-08-11,73,2044,9,146
RR-0060-2026-08-12,RR-0060,2026-08-12,210,5460,12,1260
RR-0060-2026-08-13,RR-0060,2026-08-13,103,4223,6,824
RR-0060-2026-08-14,RR-0060,2026-08-14,144,6480,10,1008
RR-0060-2026-08-15,RR-0060,2026-08-15,217,14756,30,1736
RR-0060-2026-08-16,RR-0060,2026-08-16,68,5372,7,204
RR-0060-2026-08-17,RR-0060,2026-08-17,179,12351,6,895
RR-0060-2026-08-18,RR-0060,2026-08-18,227,7037,22,1816
RR-0060-2026-08-19,RR-0060,2026-08-19,162,5994,7,648
RR-0060-2026-08-20,RR-0060,2026-08-20,17,629,1,102
RR-0060-2026-08-21,RR-0060,2026-08-21,221,15028,28,1105
RR-0060-2026-08-22,RR-0060,2026-08-22,177,13275,17,1416
RR-0060-2026-08-23,RR-0060,2026-08-23,38,2052,5,190
RR-0060-2026-08-24,RR-0060,2026-08-24,56,3752,8,560
RR-0060-2026-08-25,RR-0060,2026-08-25,130,3250,11,650
RR-0060-2026-08-26,RR-0060,2026-08-26,74,2368,0,444
RR-0060-2026-08-27,RR-0060,2026-08-27,78,2574,2,468
RR-0060-2026-08-28,RR-0060,2026-08-28,13,793,3,39
RR-0060-2026-08-29,RR-0060,2026-08-29,5,130,1,40
RR-0060-2026-08-30,RR-0060,2026-08-30,118,4248,14,1062
RR-0060-2026-08-31,RR-0060,2026-08-31,5,170,1,25
RR-0060-2026-09-01,RR-0060,2026-09-01,64,3968,8,256
RR-0060-2026-09-02,RR-0060,2026-09-02,85,2975,8,340
RR-0060-2026-09-03,RR-0060,2026-09-03,125,8500,6,375
